Datetime,Open,High,Low,Close,Volume
2025-08-12 09:15:00+05:30,158.8,160.9,158.8,160.8,84167
2025-08-12 09:30:00+05:30,160.85,161.1,159.85,160.15,130326
2025-08-12 09:45:00+05:30,160.15,161.45,160.15,161.4,114910
2025-08-12 10:00:00+05:30,161.35,161.65,160.85,161.1,86355
2025-08-12 10:15:00+05:30,161.1,161.25,160.7,160.8,32553
2025-08-12 10:30:00+05:30,160.7,160.8,160.25,160.45,22599
2025-08-12 10:45:00+05:30,160.4,160.75,160.3,160.65,20872
2025-08-12 11:00:00+05:30,160.7,160.7,160.1,160.2,24693
2025-08-12 11:15:00+05:30,160.25,160.95,160.1,160.65,39869
2025-08-12 11:30:00+05:30,160.5,160.85,160.5,160.55,27173
2025-08-12 11:45:00+05:30,160.65,160.85,160.4,160.75,18860
2025-08-12 12:00:00+05:30,160.85,161.25,160.55,160.95,220260
2025-08-12 12:15:00+05:30,161.0,161.3,160.8,160.85,461588
2025-08-12 12:30:00+05:30,160.85,161.2,160.8,161.05,454947
2025-08-12 12:45:00+05:30,161.0,161.2,160.85,160.95,30631
2025-08-12 13:00:00+05:30,160.95,160.95,160.5,160.8,575489
2025-08-12 13:15:00+05:30,160.7,160.75,160.45,160.7,18377
2025-08-12 13:30:00+05:30,160.7,160.7,160.3,160.5,38671
2025-08-12 13:45:00+05:30,160.5,160.9,160.45,160.9,20419
2025-08-12 14:00:00+05:30,160.9,160.9,160.4,160.55,29839
2025-08-12 14:15:00+05:30,160.5,160.8,160.3,160.75,31947
2025-08-12 14:30:00+05:30,160.65,160.7,160.35,160.45,14015
2025-08-12 14:45:00+05:30,160.6,160.6,160.2,160.45,32425
2025-08-12 15:00:00+05:30,160.35,160.45,160.1,160.3,69213
2025-08-12 15:15:00+05:30,160.3,160.35,159.95,160.2,65489
2025-08-13 09:15:00+05:30,160.85,161.65,160.65,161.2,122052
2025-08-13 09:30:00+05:30,161.1,162.0,161.1,161.9,104504
2025-08-13 09:45:00+05:30,161.8,162.25,161.75,161.95,162191
2025-08-13 10:00:00+05:30,162.1,162.4,161.85,162.0,56557
2025-08-13 10:15:00+05:30,161.85,162.3,161.85,162.1,55133
2025-08-13 10:30:00+05:30,162.0,162.1,161.65,161.75,29925
2025-08-13 10:45:00+05:30,161.75,161.9,161.2,161.45,29819
2025-08-13 11:00:00+05:30,161.55,161.8,161.35,161.45,116021
2025-08-13 11:15:00+05:30,161.5,161.5,160.55,160.6,702229
2025-08-13 11:30:00+05:30,160.65,161.0,160.25,160.5,46936
2025-08-13 11:45:00+05:30,160.4,161.05,160.4,160.85,38540
2025-08-13 12:00:00+05:30,160.7,161.1,160.6,161.0,14573
2025-08-13 12:15:00+05:30,160.95,161.0,160.5,160.7,22209
2025-08-13 12:30:00+05:30,160.6,161.0,160.55,160.85,149224
2025-08-13 12:45:00+05:30,160.85,160.95,160.65,160.85,6385
2025-08-13 13:00:00+05:30,160.85,160.85,160.5,160.65,16007
2025-08-13 13:15:00+05:30,160.6,160.8,160.2,160.55,30280
2025-08-13 13:30:00+05:30,160.55,160.6,160.25,160.45,22717
2025-08-13 13:45:00+05:30,160.4,160.55,160.3,160.5,25356
2025-08-13 14:00:00+05:30,160.5,160.7,160.2,160.4,28082
2025-08-13 14:15:00+05:30,160.25,160.4,160.1,160.25,33011
2025-08-13 14:30:00+05:30,160.15,160.4,160.15,160.35,38211
2025-08-13 14:45:00+05:30,160.3,160.5,160.25,160.4,27672
2025-08-13 15:00:00+05:30,160.3,160.45,160.1,160.25,53490
2025-08-13 15:15:00+05:30,160.1,160.55,159.85,160.15,54047
2025-08-14 09:15:00+05:30,160.25,160.65,157.2,157.65,137238
2025-08-14 09:30:00+05:30,157.5,157.7,156.95,157.4,111263
2025-08-14 09:45:00+05:30,157.3,157.5,156.8,156.8,36151
2025-08-14 10:00:00+05:30,156.9,157.5,156.5,157.15,269349
2025-08-14 10:15:00+05:30,157.1,157.7,157.0,157.45,27137
2025-08-14 10:30:00+05:30,157.4,157.5,157.05,157.05,31851
2025-08-14 10:45:00+05:30,157.2,157.35,157.0,157.25,11096
2025-08-14 11:00:00+05:30,157.25,157.3,156.95,157.15,24379
2025-08-14 11:15:00+05:30,157.05,157.2,157.0,157.05,13383
2025-08-14 11:30:00+05:30,157.0,157.35,157.0,157.15,4304
2025-08-14 11:45:00+05:30,157.2,157.35,157.05,157.3,7354
2025-08-14 12:00:00+05:30,157.25,157.5,157.15,157.2,12146
2025-08-14 12:15:00+05:30,157.2,157.4,157.2,157.4,16738
2025-08-14 12:30:00+05:30,157.4,157.4,157.1,157.25,5310
2025-08-14 12:45:00+05:30,157.1,157.35,157.0,157.35,8311
2025-08-14 13:00:00+05:30,157.35,157.35,157.05,157.25,6692
2025-08-14 13:15:00+05:30,157.25,157.25,156.05,156.05,58959
2025-08-14 13:30:00+05:30,156.2,156.55,156.15,156.3,31412
2025-08-14 13:45:00+05:30,156.35,156.4,156.0,156.05,25795
2025-08-14 14:00:00+05:30,156.1,156.15,155.8,156.0,38166
2025-08-14 14:15:00+05:30,156.0,156.0,155.55,155.55,33439
2025-08-14 14:30:00+05:30,155.65,155.65,155.2,155.35,32209
2025-08-14 14:45:00+05:30,155.3,155.6,155.1,155.25,40943
2025-08-14 15:00:00+05:30,155.35,155.35,154.9,154.95,49447
2025-08-14 15:15:00+05:30,154.95,155.9,154.9,155.6,114046
2025-08-18 09:15:00+05:30,157.9,158.4,156.6,157.3,266693
2025-08-18 09:30:00+05:30,157.3,157.5,156.95,157.4,84985
2025-08-18 09:45:00+05:30,157.4,158.3,157.1,157.3,101784
2025-08-18 10:00:00+05:30,157.4,157.6,157.15,157.3,41667
2025-08-18 10:15:00+05:30,157.3,157.45,157.05,157.15,49113
2025-08-18 10:30:00+05:30,157.1,157.3,156.9,157.0,25798
2025-08-18 10:45:00+05:30,157.0,157.3,156.9,157.0,19688
2025-08-18 11:00:00+05:30,157.1,157.35,157.0,157.25,20232
2025-08-18 11:15:00+05:30,157.25,157.3,157.0,157.15,18456
2025-08-18 11:30:00+05:30,157.15,157.5,156.95,157.5,36564
2025-08-18 11:45:00+05:30,157.5,157.9,156.95,157.05,49807
2025-08-18 12:00:00+05:30,157.0,157.1,156.0,156.2,41279
2025-08-18 12:15:00+05:30,156.1,156.9,156.0,156.85,36105
2025-08-18 12:30:00+05:30,156.75,156.9,156.35,156.55,21117
2025-08-18 12:45:00+05:30,156.65,156.8,156.4,156.8,12280
2025-08-18 13:00:00+05:30,156.75,157.2,156.65,157.05,25793
2025-08-18 13:15:00+05:30,157.0,157.2,156.9,157.1,17102
2025-08-18 13:30:00+05:30,157.1,157.2,156.95,157.15,15708
2025-08-18 13:45:00+05:30,157.15,157.15,156.85,156.95,22456
2025-08-18 14:00:00+05:30,157.1,157.7,157.0,157.55,32765
2025-08-18 14:15:00+05:30,157.45,157.7,157.3,157.6,36896
2025-08-18 14:30:00+05:30,157.6,157.7,157.4,157.55,29177
2025-08-18 14:45:00+05:30,157.7,158.6,157.6,158.25,108031
2025-08-18 15:00:00+05:30,158.15,158.15,157.6,157.8,51207
2025-08-18 15:15:00+05:30,157.8,158.25,157.75,157.95,67685
2025-08-19 09:15:00+05:30,158.6,158.7,157.05,157.05,77157
2025-08-19 09:30:00+05:30,157.25,157.3,156.85,157.0,21115
2025-08-19 09:45:00+05:30,156.9,157.4,156.75,157.4,24277
2025-08-19 10:00:00+05:30,157.5,158.2,157.35,158.0,22692
2025-08-19 10:15:00+05:30,157.95,158.2,157.9,158.05,27245
2025-08-19 10:30:00+05:30,158.1,158.25,157.9,158.05,40558
2025-08-19 10:45:00+05:30,158.1,158.25,157.95,158.15,5233
2025-08-19 11:00:00+05:30,158.15,158.15,157.75,158.0,3093
2025-08-19 11:15:00+05:30,157.9,158.2,157.75,157.85,9652
2025-08-19 11:30:00+05:30,157.95,158.45,157.85,158.0,37452
2025-08-19 11:45:00+05:30,158.0,158.05,157.85,158.0,13601
2025-08-19 12:00:00+05:30,157.9,158.1,157.85,158.0,7312
2025-08-19 12:15:00+05:30,158.0,158.35,157.95,158.05,9635
2025-08-19 12:30:00+05:30,158.2,158.25,157.9,158.1,9603
2025-08-19 12:45:00+05:30,158.0,158.6,158.0,158.45,13149
2025-08-19 13:00:00+05:30,158.5,158.5,158.35,158.5,9194
2025-08-19 13:15:00+05:30,158.4,159.25,158.4,158.75,76445
2025-08-19 13:30:00+05:30,158.75,158.8,158.55,158.65,4336
2025-08-19 13:45:00+05:30,158.7,158.85,158.5,158.55,7216
2025-08-19 14:00:00+05:30,158.7,158.75,158.45,158.65,4670
2025-08-19 14:15:00+05:30,158.65,158.95,158.5,158.95,18710
2025-08-19 14:30:00+05:30,158.8,159.0,158.7,158.7,5283
2025-08-19 14:45:00+05:30,158.75,158.85,158.6,158.7,6490
2025-08-19 15:00:00+05:30,158.75,159.35,158.7,159.2,50988
2025-08-19 15:15:00+05:30,159.2,159.5,159.1,159.1,30955
2025-08-20 09:15:00+05:30,158.6,159.4,158.5,158.65,32297
2025-08-20 09:30:00+05:30,158.55,158.65,158.0,158.25,28530
2025-08-20 09:45:00+05:30,158.25,158.75,158.1,158.75,24192
2025-08-20 10:00:00+05:30,158.85,158.9,158.35,158.85,16543
2025-08-20 10:15:00+05:30,158.9,159.2,158.8,159.15,30550
2025-08-20 10:30:00+05:30,159.15,160.25,159.05,160.0,77708
2025-08-20 10:45:00+05:30,160.1,162.4,160.1,161.75,163686
2025-08-20 11:00:00+05:30,161.85,161.85,161.35,161.45,47132
2025-08-20 11:15:00+05:30,161.5,161.75,161.35,161.75,27111
2025-08-20 11:30:00+05:30,161.8,161.9,161.25,161.25,27869
2025-08-20 11:45:00+05:30,161.3,161.75,161.25,161.65,19837
2025-08-20 12:00:00+05:30,161.65,162.0,161.6,161.95,60026
2025-08-20 12:15:00+05:30,161.9,162.35,161.7,161.7,66832
2025-08-20 12:30:00+05:30,161.75,161.85,161.6,161.75,53260
2025-08-20 12:45:00+05:30,161.65,162.15,161.6,162.15,25061
2025-08-20 13:00:00+05:30,162.2,162.2,161.95,162.2,11761
2025-08-20 13:15:00+05:30,162.1,162.2,161.55,161.6,50197
2025-08-20 13:30:00+05:30,161.6,161.8,161.5,161.55,6568
2025-08-20 13:45:00+05:30,161.65,161.75,161.5,161.65,12593
2025-08-20 14:00:00+05:30,161.6,162.1,161.55,161.9,17425
2025-08-20 14:15:00+05:30,161.85,162.25,161.8,162.2,22364
2025-08-20 14:30:00+05:30,162.05,162.45,161.9,162.3,40017
2025-08-20 14:45:00+05:30,162.3,162.7,162.0,162.45,50678
2025-08-20 15:00:00+05:30,162.45,162.5,161.8,161.85,44857
2025-08-20 15:15:00+05:30,161.9,162.0,161.7,161.95,35003
2025-08-21 09:15:00+05:30,161.85,162.45,161.6,161.9,109178
2025-08-21 09:30:00+05:30,162.0,162.1,161.7,162.0,56755
2025-08-21 09:45:00+05:30,162.0,162.15,161.9,162.0,61096
2025-08-21 10:00:00+05:30,162.1,162.55,161.95,162.2,107199
2025-08-21 10:15:00+05:30,162.2,162.35,161.9,161.9,30326
2025-08-21 10:30:00+05:30,161.95,162.05,161.8,161.9,20855
2025-08-21 10:45:00+05:30,161.9,162.1,161.8,161.9,25674
2025-08-21 11:00:00+05:30,162.0,162.2,161.85,162.0,22226
2025-08-21 11:15:00+05:30,162.1,162.3,162.0,162.15,16203
2025-08-21 11:30:00+05:30,162.1,162.15,161.9,162.15,33060
2025-08-21 11:45:00+05:30,162.0,162.2,161.95,162.15,69691
2025-08-21 12:00:00+05:30,162.05,162.3,162.0,162.15,34204
2025-08-21 12:15:00+05:30,162.15,162.15,161.75,161.8,23026
2025-08-21 12:30:00+05:30,161.8,162.0,161.65,162.0,48777
2025-08-21 12:45:00+05:30,162.0,162.0,161.55,161.6,24984
2025-08-21 13:00:00+05:30,161.75,162.05,161.6,162.05,44400
2025-08-21 13:15:00+05:30,162.0,162.1,161.65,161.75,411225
2025-08-21 13:30:00+05:30,161.75,161.75,161.15,161.45,473692
2025-08-21 13:45:00+05:30,161.45,161.8,161.3,161.8,43215
2025-08-21 14:00:00+05:30,161.8,162.0,161.7,161.9,33940
2025-08-21 14:15:00+05:30,162.0,162.05,161.9,162.05,35106
2025-08-21 14:30:00+05:30,162.0,162.05,161.75,161.85,38650
2025-08-21 14:45:00+05:30,161.85,161.9,161.3,161.55,596470
2025-08-21 15:00:00+05:30,161.65,161.7,161.35,161.45,54656
2025-08-21 15:15:00+05:30,161.55,161.65,161.35,161.4,108213
2025-08-22 09:15:00+05:30,161.2,161.35,160.45,160.9,43329
2025-08-22 09:30:00+05:30,160.9,160.9,160.3,160.75,20345
2025-08-22 09:45:00+05:30,160.6,160.85,160.45,160.75,17651
2025-08-22 10:00:00+05:30,160.75,160.75,160.25,160.4,8255
2025-08-22 10:15:00+05:30,160.25,160.3,159.95,160.1,12194
2025-08-22 10:30:00+05:30,160.15,160.35,159.8,159.95,33126
2025-08-22 10:45:00+05:30,159.95,160.15,159.9,159.95,7934
2025-08-22 11:00:00+05:30,160.05,160.2,159.8,160.05,5764
2025-08-22 11:15:00+05:30,160.15,160.15,159.8,159.8,4632
2025-08-22 11:30:00+05:30,159.8,160.4,159.7,160.4,89390
2025-08-22 11:45:00+05:30,160.3,160.45,160.05,160.3,42988
2025-08-22 12:00:00+05:30,160.3,160.4,160.0,160.0,9026
2025-08-22 12:15:00+05:30,160.1,160.2,159.95,160.1,6614
2025-08-22 12:30:00+05:30,160.0,160.15,159.8,160.0,9796
2025-08-22 12:45:00+05:30,159.9,160.1,159.85,159.95,5562
2025-08-22 13:00:00+05:30,160.05,160.1,159.8,159.8,6022
2025-08-22 13:15:00+05:30,159.9,160.05,159.8,159.9,14504
2025-08-22 13:30:00+05:30,159.9,160.0,159.15,159.4,31566
2025-08-22 13:45:00+05:30,159.4,159.5,159.3,159.4,6189
2025-08-22 14:00:00+05:30,159.35,159.5,159.1,159.3,9243
2025-08-22 14:15:00+05:30,159.3,159.4,159.15,159.2,6980
2025-08-22 14:30:00+05:30,159.25,159.25,158.5,158.5,28546
2025-08-22 14:45:00+05:30,158.65,158.7,158.35,158.6,24520
2025-08-22 15:00:00+05:30,158.7,158.8,158.3,158.65,26859
2025-08-22 15:15:00+05:30,158.65,158.75,158.25,158.55,30292
2025-08-25 09:15:00+05:30,159.2,160.1,158.65,159.85,129864
2025-08-25 09:30:00+05:30,160.0,160.1,159.6,159.8,42335
2025-08-25 09:45:00+05:30,159.7,159.8,159.55,159.65,27220
2025-08-25 10:00:00+05:30,159.65,159.7,159.3,159.3,11844
2025-08-25 10:15:00+05:30,159.3,159.6,159.2,159.35,15226
2025-08-25 10:30:00+05:30,159.35,159.8,159.3,159.6,18607
2025-08-25 10:45:00+05:30,159.6,159.75,159.1,159.25,29819
2025-08-25 11:00:00+05:30,159.25,159.5,159.05,159.05,23788
2025-08-25 11:15:00+05:30,159.2,159.5,159.0,159.45,33865
2025-08-25 11:30:00+05:30,159.35,159.8,159.15,159.2,28684
2025-08-25 11:45:00+05:30,159.2,159.6,159.15,159.45,15464
2025-08-25 12:00:00+05:30,159.6,159.75,159.4,159.65,51744
2025-08-25 12:15:00+05:30,159.65,160.05,159.6,159.85,34757
2025-08-25 12:30:00+05:30,159.95,160.0,159.6,159.65,7416
2025-08-25 12:45:00+05:30,159.65,160.05,159.6,159.95,16615
2025-08-25 13:00:00+05:30,160.0,160.05,159.85,159.85,16519
2025-08-25 13:15:00+05:30,159.8,160.0,159.7,159.8,15277
2025-08-25 13:30:00+05:30,159.85,160.0,159.75,159.85,21982
2025-08-25 13:45:00+05:30,159.95,160.0,159.8,159.85,34814
2025-08-25 14:00:00+05:30,160.0,160.1,159.8,160.0,60191
2025-08-25 14:15:00+05:30,160.1,160.35,159.9,160.1,21885
2025-08-25 14:30:00+05:30,160.1,160.15,159.8,159.85,31321
2025-08-25 14:45:00+05:30,160.0,160.05,159.8,160.0,27543
2025-08-25 15:00:00+05:30,160.0,160.0,159.35,159.45,13431
2025-08-25 15:15:00+05:30,159.5,159.85,159.4,159.6,34466
2025-08-26 09:15:00+05:30,159.25,159.25,157.3,157.4,37190
2025-08-26 09:30:00+05:30,157.4,157.45,157.05,157.35,30716
2025-08-26 09:45:00+05:30,157.25,157.55,157.2,157.4,14824
2025-08-26 10:00:00+05:30,157.5,157.85,157.05,157.7,19318
2025-08-26 10:15:00+05:30,157.6,157.75,157.4,157.7,13401
2025-08-26 10:30:00+05:30,157.7,157.8,156.6,156.8,62321
2025-08-26 10:45:00+05:30,156.65,156.95,156.4,156.9,53356
2025-08-26 11:00:00+05:30,156.9,157.0,156.75,156.8,8686
2025-08-26 11:15:00+05:30,156.95,157.1,156.8,157.0,15099
2025-08-26 11:30:00+05:30,157.05,157.2,156.85,156.85,11621
2025-08-26 11:45:00+05:30,156.85,157.2,156.85,157.05,8391
2025-08-26 12:00:00+05:30,157.15,157.15,156.6,156.6,9483
2025-08-26 12:15:00+05:30,156.7,156.85,156.55,156.65,30195
2025-08-26 12:30:00+05:30,156.65,156.7,156.4,156.55,22936
2025-08-26 12:45:00+05:30,156.65,156.65,156.3,156.35,39002
2025-08-26 13:00:00+05:30,156.45,156.6,156.3,156.4,41724
2025-08-26 13:15:00+05:30,156.3,156.35,156.05,156.25,33292
2025-08-26 13:30:00+05:30,156.35,156.45,156.15,156.45,29324
2025-08-26 13:45:00+05:30,156.45,156.55,156.35,156.5,15533
2025-08-26 14:00:00+05:30,156.5,156.5,156.0,156.2,30621
2025-08-26 14:15:00+05:30,156.1,156.3,155.75,156.25,81998
2025-08-26 14:30:00+05:30,156.15,156.25,155.95,156.15,22018
2025-08-26 14:45:00+05:30,156.15,156.2,155.9,156.1,44945
2025-08-26 15:00:00+05:30,156.1,156.2,154.75,154.9,211545
2025-08-26 15:15:00+05:30,154.9,155.1,154.6,155.0,135343
2025-08-28 09:15:00+05:30,155.8,155.8,154.0,154.25,101934
2025-08-28 09:30:00+05:30,154.4,154.9,154.3,154.55,33012
2025-08-28 09:45:00+05:30,154.5,154.6,154.15,154.45,16228
2025-08-28 10:00:00+05:30,154.6,154.85,154.25,154.5,15575
2025-08-28 10:15:00+05:30,154.45,154.8,154.4,154.5,10608
2025-08-28 10:30:00+05:30,154.6,154.75,154.35,154.55,29090
2025-08-28 10:45:00+05:30,154.55,155.0,154.45,155.0,7284
2025-08-28 11:00:00+05:30,155.0,155.45,154.75,155.3,19653
2025-08-28 11:15:00+05:30,155.4,155.6,155.2,155.45,29792
2025-08-28 11:30:00+05:30,155.55,155.6,155.2,155.4,18512
2025-08-28 11:45:00+05:30,155.35,155.45,154.9,155.0,17983
2025-08-28 12:00:00+05:30,154.9,155.1,154.75,154.85,21076
2025-08-28 12:15:00+05:30,154.75,155.05,154.6,154.8,10614
2025-08-28 12:30:00+05:30,154.95,154.95,154.4,154.45,15351
2025-08-28 12:45:00+05:30,154.4,154.45,153.75,153.8,28683
2025-08-28 13:00:00+05:30,153.9,153.9,153.6,153.75,9270
2025-08-28 13:15:00+05:30,153.85,154.0,153.75,153.8,20335
2025-08-28 13:30:00+05:30,153.9,153.95,153.55,153.6,25985
2025-08-28 13:45:00+05:30,153.7,153.85,153.55,153.6,10384
2025-08-28 14:00:00+05:30,153.75,154.25,153.6,154.1,49640
2025-08-28 14:15:00+05:30,154.1,154.1,153.8,154.1,12105
2025-08-28 14:30:00+05:30,154.1,154.1,153.4,153.4,20495
2025-08-28 14:45:00+05:30,153.5,153.6,153.2,153.45,34635
2025-08-28 15:00:00+05:30,153.45,153.6,153.2,153.5,121812
2025-08-28 15:15:00+05:30,153.35,154.45,153.25,153.55,39316
2025-08-29 09:15:00+05:30,154.5,154.65,153.7,153.75,59301
2025-08-29 09:30:00+05:30,153.75,154.1,153.3,153.7,17513
2025-08-29 09:45:00+05:30,153.6,153.75,153.25,153.5,17085
2025-08-29 10:00:00+05:30,153.65,153.65,153.0,153.35,7848
2025-08-29 10:15:00+05:30,153.35,154.45,153.2,154.45,53830
2025-08-29 10:30:00+05:30,154.3,155.2,154.25,155.1,26591
2025-08-29 10:45:00+05:30,155.0,155.0,154.45,154.6,14348
2025-08-29 11:00:00+05:30,154.6,155.1,154.5,154.9,8789
2025-08-29 11:15:00+05:30,155.0,155.0,154.7,154.95,7928
2025-08-29 11:30:00+05:30,154.85,155.1,154.85,155.1,5162
2025-08-29 11:45:00+05:30,155.1,155.1,154.7,154.8,7253
2025-08-29 12:00:00+05:30,154.9,155.0,154.75,154.9,2635
2025-08-29 12:15:00+05:30,154.9,155.0,154.65,154.7,4853
2025-08-29 12:30:00+05:30,154.8,154.95,154.7,154.85,1730
2025-08-29 12:45:00+05:30,154.9,154.95,154.55,154.65,6358
2025-08-29 13:00:00+05:30,154.6,154.75,154.5,154.5,7904
2025-08-29 13:15:00+05:30,154.5,154.7,154.5,154.7,4353
2025-08-29 13:30:00+05:30,154.65,154.85,154.45,154.6,7557
2025-08-29 13:45:00+05:30,154.5,154.6,154.4,154.45,6383
2025-08-29 14:00:00+05:30,154.45,154.65,154.2,154.6,26584
2025-08-29 14:15:00+05:30,154.65,154.7,154.4,154.45,10469
2025-08-29 14:30:00+05:30,154.45,154.7,154.25,154.4,10717
2025-08-29 14:45:00+05:30,154.35,154.65,154.3,154.6,6339
2025-08-29 15:00:00+05:30,154.65,154.65,154.25,154.45,25768
2025-08-29 15:15:00+05:30,154.35,154.7,154.3,154.45,33927
2025-09-01 09:15:00+05:30,154.0,155.5,153.9,155.45,78900
2025-09-01 09:30:00+05:30,155.5,155.6,155.05,155.2,22953
2025-09-01 09:45:00+05:30,155.3,155.45,155.05,155.3,12111
2025-09-01 10:00:00+05:30,155.3,155.45,154.8,154.9,17274
2025-09-01 10:15:00+05:30,154.9,155.1,154.6,155.1,14096
2025-09-01 10:30:00+05:30,155.1,155.1,154.7,155.0,9682
2025-09-01 10:45:00+05:30,154.9,155.2,154.85,155.05,4495
2025-09-01 11:00:00+05:30,155.15,155.3,155.0,155.2,6417
2025-09-01 11:15:00+05:30,155.2,155.65,155.15,155.55,12356
2025-09-01 11:30:00+05:30,155.55,155.65,155.3,155.45,20705
2025-09-01 11:45:00+05:30,155.55,155.55,155.05,155.4,9623
2025-09-01 12:00:00+05:30,155.5,155.6,155.4,155.6,7515
2025-09-01 12:15:00+05:30,155.5,155.6,155.3,155.6,10313
2025-09-01 12:30:00+05:30,155.55,155.65,155.3,155.5,7777
2025-09-01 12:45:00+05:30,155.6,155.65,155.45,155.6,6620
2025-09-01 13:00:00+05:30,155.6,155.85,155.45,155.7,4392
2025-09-01 13:15:00+05:30,155.65,155.8,155.55,155.75,1756
2025-09-01 13:30:00+05:30,155.75,155.8,155.65,155.7,2868
2025-09-01 13:45:00+05:30,155.7,155.85,155.6,155.8,39706
2025-09-01 14:00:00+05:30,155.8,155.85,155.65,155.75,17256
2025-09-01 14:15:00+05:30,155.75,155.9,155.6,155.7,7625
2025-09-01 14:30:00+05:30,155.8,156.35,155.65,156.05,19808
2025-09-01 14:45:00+05:30,156.15,156.25,156.05,156.2,17309
2025-09-01 15:00:00+05:30,156.2,156.25,156.0,156.1,15237
2025-09-01 15:15:00+05:30,156.2,156.35,156.0,156.2,41232
2025-09-02 09:15:00+05:30,156.5,156.7,155.5,156.5,69045
2025-09-02 09:30:00+05:30,156.5,157.3,156.35,157.1,56695
2025-09-02 09:45:00+05:30,157.2,157.3,156.9,157.05,28767
2025-09-02 10:00:00+05:30,157.1,157.4,157.0,157.35,35030
2025-09-02 10:15:00+05:30,157.15,157.75,157.15,157.75,48023
2025-09-02 10:30:00+05:30,157.7,158.3,157.5,158.2,72278
2025-09-02 10:45:00+05:30,158.2,158.6,158.1,158.55,74502
2025-09-02 11:00:00+05:30,158.6,158.6,157.9,158.0,51001
2025-09-02 11:15:00+05:30,158.05,158.2,157.85,158.1,17885
2025-09-02 11:30:00+05:30,158.1,158.5,158.0,158.45,41083
2025-09-02 11:45:00+05:30,158.4,158.65,158.2,158.5,34700
2025-09-02 12:00:00+05:30,158.6,159.0,158.5,158.85,35071
2025-09-02 12:15:00+05:30,158.85,159.05,158.6,158.9,60029
2025-09-02 12:30:00+05:30,158.8,159.0,158.5,158.6,56698
2025-09-02 12:45:00+05:30,158.5,158.75,158.45,158.55,25537
2025-09-02 13:00:00+05:30,158.6,158.9,158.5,158.65,45165
2025-09-02 13:15:00+05:30,158.75,158.75,158.2,158.4,32050
2025-09-02 13:30:00+05:30,158.35,158.7,158.2,158.25,27949
2025-09-02 13:45:00+05:30,158.25,158.45,158.0,158.05,46689
2025-09-02 14:00:00+05:30,158.05,158.15,157.65,157.8,64935
2025-09-02 14:15:00+05:30,157.9,158.15,157.5,157.6,31829
2025-09-02 14:30:00+05:30,157.7,158.15,157.5,158.0,31809
2025-09-02 14:45:00+05:30,158.05,158.55,158.0,158.15,375952
2025-09-02 15:00:00+05:30,158.2,158.5,158.0,158.5,134134
2025-09-02 15:15:00+05:30,158.5,158.6,158.25,158.45,80099
2025-09-03 09:15:00+05:30,158.45,162.05,158.45,161.8,443956
2025-09-03 09:30:00+05:30,161.7,161.95,161.0,161.05,152916
2025-09-03 09:45:00+05:30,161.0,161.3,160.75,161.3,97595
2025-09-03 10:00:00+05:30,161.15,161.35,160.75,160.95,52689
2025-09-03 10:15:00+05:30,160.85,161.0,160.75,160.95,40799
2025-09-03 10:30:00+05:30,160.85,162.9,160.85,162.65,361247
2025-09-03 10:45:00+05:30,162.6,163.5,162.3,163.4,331574
2025-09-03 11:00:00+05:30,163.4,164.2,163.3,163.55,356818
2025-09-03 11:15:00+05:30,163.6,164.1,163.1,164.1,220079
2025-09-03 11:30:00+05:30,163.95,164.35,163.9,164.1,184168
2025-09-03 11:45:00+05:30,164.1,164.45,163.95,164.4,149913
2025-09-03 12:00:00+05:30,164.3,165.75,164.3,165.7,620095
2025-09-03 12:15:00+05:30,165.75,166.45,165.3,166.45,1073053
2025-09-03 12:30:00+05:30,166.45,166.5,165.85,166.35,903090
2025-09-03 12:45:00+05:30,166.35,166.9,166.1,166.4,1239897
2025-09-03 13:00:00+05:30,166.35,167.0,166.3,166.9,283456
2025-09-03 13:15:00+05:30,166.85,167.7,166.8,167.6,425022
2025-09-03 13:30:00+05:30,167.6,167.75,166.9,167.2,218396
2025-09-03 13:45:00+05:30,167.1,167.35,167.0,167.2,154522
2025-09-03 14:00:00+05:30,167.2,167.2,166.8,166.9,128386
2025-09-03 14:15:00+05:30,166.95,167.65,166.85,167.55,201929
2025-09-03 14:30:00+05:30,167.55,167.9,167.5,167.75,217870
2025-09-03 14:45:00+05:30,167.75,168.0,167.6,167.7,197263
2025-09-03 15:00:00+05:30,167.7,167.9,167.55,167.85,282763
2025-09-03 15:15:00+05:30,167.75,168.0,167.7,167.8,434935
2025-09-04 09:15:00+05:30,169.0,169.0,166.65,166.9,311306
2025-09-04 09:30:00+05:30,166.9,167.35,166.7,166.85,139631
2025-09-04 09:45:00+05:30,166.85,167.4,166.75,167.15,53637
2025-09-04 10:00:00+05:30,167.15,167.3,166.75,166.9,28961
2025-09-04 10:15:00+05:30,166.85,167.3,166.75,167.1,39204
2025-09-04 10:30:00+05:30,167.2,167.35,166.95,167.05,20429
2025-09-04 10:45:00+05:30,167.05,167.6,166.95,167.1,78102
2025-09-04 11:00:00+05:30,167.15,167.5,167.1,167.4,17692
2025-09-04 11:15:00+05:30,167.4,167.55,167.2,167.3,14836
2025-09-04 11:30:00+05:30,167.35,167.55,167.15,167.4,31501
2025-09-04 11:45:00+05:30,167.4,168.0,167.4,168.0,40365
2025-09-04 12:00:00+05:30,168.0,168.35,167.45,167.45,111853
2025-09-04 12:15:00+05:30,167.65,167.65,166.95,167.3,47891
2025-09-04 12:30:00+05:30,167.2,167.5,166.9,167.1,35956
2025-09-04 12:45:00+05:30,167.2,167.35,166.95,167.2,13150
2025-09-04 13:00:00+05:30,167.25,167.4,167.1,167.25,17522
2025-09-04 13:15:00+05:30,167.15,167.5,167.1,167.5,14330
2025-09-04 13:30:00+05:30,167.4,167.55,167.05,167.2,8506
2025-09-04 13:45:00+05:30,167.1,167.2,167.0,167.1,16258
2025-09-04 14:00:00+05:30,167.15,167.4,167.1,167.25,15852
2025-09-04 14:15:00+05:30,167.2,167.2,166.8,166.85,24222
2025-09-04 14:30:00+05:30,166.8,167.2,166.7,167.05,28149
2025-09-04 14:45:00+05:30,166.9,167.25,166.75,166.9,28962
2025-09-04 15:00:00+05:30,167.0,167.0,166.65,166.85,66505
2025-09-04 15:15:00+05:30,166.7,166.95,166.6,166.75,70662
2025-09-05 09:15:00+05:30,167.25,167.55,166.7,166.85,75490
2025-09-05 09:30:00+05:30,166.85,167.0,166.65,166.85,19493
2025-09-05 09:45:00+05:30,166.9,166.9,166.35,166.55,38647
2025-09-05 10:00:00+05:30,166.6,166.75,166.0,166.05,56400
2025-09-05 10:15:00+05:30,166.0,166.95,165.95,166.95,39187
2025-09-05 10:30:00+05:30,166.85,167.05,166.7,166.8,38726
2025-09-05 10:45:00+05:30,166.95,166.95,166.55,166.75,12239
2025-09-05 11:00:00+05:30,166.7,166.85,166.6,166.7,11186
2025-09-05 11:15:00+05:30,166.75,166.8,166.4,166.5,7623
2025-09-05 11:30:00+05:30,166.55,166.8,166.45,166.6,6431
2025-09-05 11:45:00+05:30,166.45,166.55,166.15,166.35,11512
2025-09-05 12:00:00+05:30,166.4,166.5,166.2,166.2,7267
2025-09-05 12:15:00+05:30,166.2,166.35,166.0,166.2,8839
2025-09-05 12:30:00+05:30,166.3,166.85,166.2,166.7,16066
2025-09-05 12:45:00+05:30,166.7,167.1,166.45,167.0,26979
2025-09-05 13:00:00+05:30,167.05,167.05,166.55,166.85,12314
2025-09-05 13:15:00+05:30,166.95,167.2,166.8,166.95,12377
2025-09-05 13:30:00+05:30,167.1,167.3,166.85,166.9,12353
2025-09-05 13:45:00+05:30,166.95,167.7,166.95,167.5,21253
2025-09-05 14:00:00+05:30,167.65,168.0,167.35,167.4,46806
2025-09-05 14:15:00+05:30,167.35,167.65,167.3,167.45,9628
2025-09-05 14:30:00+05:30,167.5,167.55,167.15,167.15,14690
2025-09-05 14:45:00+05:30,167.1,167.35,167.1,167.3,15675
2025-09-05 15:00:00+05:30,167.3,167.8,167.2,167.6,21388
2025-09-05 15:15:00+05:30,167.75,167.95,167.6,167.65,59991
2025-09-08 09:15:00+05:30,169.6,172.45,169.35,171.5,430741
2025-09-08 09:30:00+05:30,171.45,172.25,171.25,171.45,271282
2025-09-08 09:45:00+05:30,171.5,171.6,171.0,171.6,81024
2025-09-08 10:00:00+05:30,171.55,172.05,171.45,171.8,93403
2025-09-08 10:15:00+05:30,171.75,172.15,171.5,171.9,62765
2025-09-08 10:30:00+05:30,171.9,172.0,171.5,172.0,34629
2025-09-08 10:45:00+05:30,171.95,172.1,170.8,171.15,58072
2025-09-08 11:00:00+05:30,171.2,171.45,171.0,171.45,19017
2025-09-08 11:15:00+05:30,171.45,171.5,170.65,170.85,74333
2025-09-08 11:30:00+05:30,170.95,171.1,170.75,170.95,23596
2025-09-08 11:45:00+05:30,170.9,171.0,170.6,170.75,22006
2025-09-08 12:00:00+05:30,170.75,171.45,170.75,170.85,27053
2025-09-08 12:15:00+05:30,170.85,171.0,170.7,171.0,22473
2025-09-08 12:30:00+05:30,171.0,171.25,170.8,171.05,17947
2025-09-08 12:45:00+05:30,171.05,171.2,170.85,171.05,15188
2025-09-08 13:00:00+05:30,171.05,171.2,170.75,170.9,17835
2025-09-08 13:15:00+05:30,171.05,171.05,170.3,170.3,22746
2025-09-08 13:30:00+05:30,170.4,170.7,170.2,170.65,17654
2025-09-08 13:45:00+05:30,170.65,170.7,170.25,170.35,15778
2025-09-08 14:00:00+05:30,170.2,170.4,170.0,170.2,17249
2025-09-08 14:15:00+05:30,170.3,170.95,170.15,170.9,60859
2025-09-08 14:30:00+05:30,170.8,170.9,170.4,170.5,25589
2025-09-08 14:45:00+05:30,170.65,170.65,169.1,169.15,39253
2025-09-08 15:00:00+05:30,169.25,169.25,168.45,168.85,61027
2025-09-08 15:15:00+05:30,168.85,168.95,168.6,168.85,89611
2025-09-09 09:15:00+05:30,169.3,169.7,168.0,168.15,140057
2025-09-09 09:30:00+05:30,168.15,168.75,168.0,168.55,63026
2025-09-09 09:45:00+05:30,168.65,169.2,168.45,168.9,58701
2025-09-09 10:00:00+05:30,169.0,169.05,168.5,168.55,35156
2025-09-09 10:15:00+05:30,168.65,168.65,168.15,168.3,42973
2025-09-09 10:30:00+05:30,168.3,168.45,168.05,168.45,38053
2025-09-09 10:45:00+05:30,168.4,168.4,168.05,168.2,23204
2025-09-09 11:00:00+05:30,168.3,168.6,168.3,168.45,21222
2025-09-09 11:15:00+05:30,168.45,169.45,168.4,169.0,70057
2025-09-09 11:30:00+05:30,169.0,169.15,168.65,168.7,26400
2025-09-09 11:45:00+05:30,168.75,168.85,168.55,168.7,11003
2025-09-09 12:00:00+05:30,168.6,168.8,168.55,168.8,15117
2025-09-09 12:15:00+05:30,168.8,168.8,168.55,168.55,10241
2025-09-09 12:30:00+05:30,168.55,168.85,168.55,168.7,17853
2025-09-09 12:45:00+05:30,168.7,168.8,168.45,168.6,12898
2025-09-09 13:00:00+05:30,168.6,168.8,168.5,168.8,20347
2025-09-09 13:15:00+05:30,168.75,168.95,168.6,168.95,23235
2025-09-09 13:30:00+05:30,168.95,169.1,168.75,169.05,96810
2025-09-09 13:45:00+05:30,169.0,169.05,168.75,169.0,25377
2025-09-09 14:00:00+05:30,168.95,169.0,168.7,168.8,13546
2025-09-09 14:15:00+05:30,168.75,168.95,168.5,168.8,14216
2025-09-09 14:30:00+05:30,168.65,169.1,168.4,168.5,75460
2025-09-09 14:45:00+05:30,168.5,169.0,168.4,168.9,93741
2025-09-09 15:00:00+05:30,168.9,169.25,168.75,169.15,48875
2025-09-09 15:15:00+05:30,169.15,169.7,168.9,169.15,176270
2025-09-10 09:15:00+05:30,169.5,170.1,168.75,169.5,100411
2025-09-10 09:30:00+05:30,169.45,169.5,168.85,169.1,38939
2025-09-10 09:45:00+05:30,169.1,169.4,168.75,169.25,53694
2025-09-10 10:00:00+05:30,169.4,170.7,169.35,170.45,128208
2025-09-10 10:15:00+05:30,170.35,170.45,169.7,170.2,43783
2025-09-10 10:30:00+05:30,170.15,170.6,169.9,170.05,55741
2025-09-10 10:45:00+05:30,170.05,170.1,169.75,170.0,24483
2025-09-10 11:00:00+05:30,169.95,170.4,169.85,169.9,39848
2025-09-10 11:15:00+05:30,170.0,170.35,169.4,169.65,28563
2025-09-10 11:30:00+05:30,169.65,169.75,169.45,169.75,16211
2025-09-10 11:45:00+05:30,169.65,169.95,169.45,169.7,24919
2025-09-10 12:00:00+05:30,169.85,170.0,169.65,170.0,17881
2025-09-10 12:15:00+05:30,170.0,170.0,169.7,169.7,11227
2025-09-10 12:30:00+05:30,169.85,169.85,169.6,169.75,15563
2025-09-10 12:45:00+05:30,169.75,169.75,169.5,169.65,19434
2025-09-10 13:00:00+05:30,169.7,169.7,169.5,169.65,8605
2025-09-10 13:15:00+05:30,169.65,169.65,169.3,169.5,46380
2025-09-10 13:30:00+05:30,169.5,169.6,168.95,169.25,499061
2025-09-10 13:45:00+05:30,169.35,169.4,169.1,169.25,12663
2025-09-10 14:00:00+05:30,169.25,169.25,168.95,169.1,25362
2025-09-10 14:15:00+05:30,169.1,169.1,168.75,168.9,147493
2025-09-10 14:30:00+05:30,168.9,169.2,168.85,169.1,37482
2025-09-10 14:45:00+05:30,169.1,169.3,168.9,169.0,20887
2025-09-10 15:00:00+05:30,169.1,169.6,169.05,169.55,42155
2025-09-10 15:15:00+05:30,169.45,169.55,169.2,169.35,76656
2025-09-11 09:15:00+05:30,169.35,169.85,168.95,169.3,68051
2025-09-11 09:30:00+05:30,169.35,169.4,168.9,169.15,24898
2025-09-11 09:45:00+05:30,169.15,169.5,169.0,169.3,16814
2025-09-11 10:00:00+05:30,169.4,169.75,169.2,169.65,16640
2025-09-11 10:15:00+05:30,169.75,170.85,169.75,170.25,48748
2025-09-11 10:30:00+05:30,170.45,170.55,170.2,170.2,18176
2025-09-11 10:45:00+05:30,170.3,170.4,170.0,170.05,13160
2025-09-11 11:00:00+05:30,170.05,170.15,169.85,169.95,18442
2025-09-11 11:15:00+05:30,170.0,170.05,169.85,169.95,14066
2025-09-11 11:30:00+05:30,170.0,170.05,169.35,169.5,24399
2025-09-11 11:45:00+05:30,169.4,169.6,169.2,169.5,20482
2025-09-11 12:00:00+05:30,169.6,169.95,169.6,169.95,12232
2025-09-11 12:15:00+05:30,169.9,170.0,169.5,169.6,19813
2025-09-11 12:30:00+05:30,169.6,169.6,169.1,169.2,10441
2025-09-11 12:45:00+05:30,169.1,169.25,169.0,169.2,7272
2025-09-11 13:00:00+05:30,169.2,169.25,168.65,168.65,34123
2025-09-11 13:15:00+05:30,168.7,168.85,168.5,168.85,55899
2025-09-11 13:30:00+05:30,168.85,168.85,168.65,168.8,8383
2025-09-11 13:45:00+05:30,168.7,168.85,168.65,168.75,24842
2025-09-11 14:00:00+05:30,168.7,169.1,168.6,169.1,25033
2025-09-11 14:15:00+05:30,169.1,169.4,168.9,169.35,53875
2025-09-11 14:30:00+05:30,169.15,169.5,169.05,169.45,21067
2025-09-11 14:45:00+05:30,169.25,169.55,169.25,169.5,12536
2025-09-11 15:00:00+05:30,169.5,169.55,169.3,169.45,13472
2025-09-11 15:15:00+05:30,169.35,169.55,169.15,169.4,69229
2025-09-12 09:15:00+05:30,170.05,171.0,169.85,170.15,63214
2025-09-12 09:30:00+05:30,170.25,170.25,169.5,169.6,35607
2025-09-12 09:45:00+05:30,169.55,170.1,169.35,169.4,58728
2025-09-12 10:00:00+05:30,169.5,170.0,169.35,169.55,20792
2025-09-12 10:15:00+05:30,169.65,169.9,169.55,169.7,11738
2025-09-12 10:30:00+05:30,169.7,169.75,169.45,169.55,18964
2025-09-12 10:45:00+05:30,169.6,169.6,169.2,169.35,12888
2025-09-12 11:00:00+05:30,169.3,169.75,169.1,169.7,9358
2025-09-12 11:15:00+05:30,169.75,170.0,169.7,169.95,26025
2025-09-12 11:30:00+05:30,169.95,170.1,168.95,169.15,502311
2025-09-12 11:45:00+05:30,169.15,169.2,168.7,168.75,69026
2025-09-12 12:00:00+05:30,168.85,169.0,168.7,168.9,17524
2025-09-12 12:15:00+05:30,168.9,169.0,168.7,169.0,5778
2025-09-12 12:30:00+05:30,169.0,169.1,168.85,168.95,110105
2025-09-12 12:45:00+05:30,169.05,169.2,168.8,169.05,15388
2025-09-12 13:00:00+05:30,169.2,169.5,168.9,169.35,17792
2025-09-12 13:15:00+05:30,169.45,169.5,169.15,169.2,5520
2025-09-12 13:30:00+05:30,169.15,170.1,169.15,169.65,45960
2025-09-12 13:45:00+05:30,169.7,169.9,169.4,169.85,6062
2025-09-12 14:00:00+05:30,169.85,170.1,169.75,169.9,17333
2025-09-12 14:15:00+05:30,169.95,170.0,169.7,169.9,7333
2025-09-12 14:30:00+05:30,169.9,169.95,169.7,169.7,11322
2025-09-12 14:45:00+05:30,169.75,169.75,169.5,169.7,8536
2025-09-12 15:00:00+05:30,169.6,170.0,169.6,169.8,69673
2025-09-12 15:15:00+05:30,169.8,169.9,169.5,169.55,61726
2025-09-15 09:15:00+05:30,169.7,170.2,169.3,169.6,78250
2025-09-15 09:30:00+05:30,169.6,169.6,168.85,169.1,107808
2025-09-15 09:45:00+05:30,169.0,169.5,169.0,169.25,43419
2025-09-15 10:00:00+05:30,169.35,169.4,168.9,169.1,42206
2025-09-15 10:15:00+05:30,169.15,169.5,169.0,169.45,33839
2025-09-15 10:30:00+05:30,169.5,170.2,169.35,169.9,130050
2025-09-15 10:45:00+05:30,169.9,169.95,169.5,169.65,89591
2025-09-15 11:00:00+05:30,169.65,169.85,169.35,169.7,71592
2025-09-15 11:15:00+05:30,169.7,170.2,169.55,169.85,49321
2025-09-15 11:30:00+05:30,169.85,169.95,169.3,169.45,123640
2025-09-15 11:45:00+05:30,169.45,169.55,169.3,169.5,17910
2025-09-15 12:00:00+05:30,169.4,169.8,169.3,169.35,22333
2025-09-15 12:15:00+05:30,169.4,169.5,169.35,169.5,49917
2025-09-15 12:30:00+05:30,169.5,169.5,169.35,169.5,12372
2025-09-15 12:45:00+05:30,169.5,169.5,169.2,169.3,14599
2025-09-15 13:00:00+05:30,169.4,169.45,169.1,169.3,112829
2025-09-15 13:15:00+05:30,169.3,169.45,169.2,169.4,19627
2025-09-15 13:30:00+05:30,169.4,169.4,168.6,168.85,446200
2025-09-15 13:45:00+05:30,168.85,169.2,168.8,168.9,26811
2025-09-15 14:00:00+05:30,169.05,169.1,168.75,169.0,269130
2025-09-15 14:15:00+05:30,169.0,169.2,168.9,169.2,15003
2025-09-15 14:30:00+05:30,169.2,169.45,169.15,169.25,16027
2025-09-15 14:45:00+05:30,169.25,169.4,169.0,169.1,14895
2025-09-15 15:00:00+05:30,169.1,169.3,169.1,169.15,17599
2025-09-15 15:15:00+05:30,169.15,169.4,169.0,169.0,91556
2025-09-16 09:15:00+05:30,169.45,170.8,169.45,170.2,47044
2025-09-16 09:30:00+05:30,170.2,170.6,169.7,169.75,67693
2025-09-16 09:45:00+05:30,169.9,169.95,169.55,169.9,27909
2025-09-16 10:00:00+05:30,169.9,170.1,169.85,169.9,16710
2025-09-16 10:15:00+05:30,169.9,170.1,169.85,170.0,13075
2025-09-16 10:45:00+05:30,169.5,169.9,169.5,169.9,102479
2025-09-16 11:00:00+05:30,169.9,170.25,169.75,170.1,93207
2025-09-16 11:15:00+05:30,170.1,170.1,169.9,170.0,8194
2025-09-16 11:30:00+05:30,170.0,170.55,169.8,170.4,208136
2025-09-16 11:45:00+05:30,170.4,170.55,170.05,170.25,8017
2025-09-17 09:15:00+05:30,172.45,172.6,171.3,171.65,112846
2025-09-17 09:30:00+05:30,171.65,171.75,171.25,171.35,20169
2025-09-17 09:45:00+05:30,171.4,171.45,170.8,171.4,49124
2025-09-17 10:00:00+05:30,171.45,171.45,170.85,170.85,14044
2025-09-17 10:15:00+05:30,171.0,171.3,170.85,170.95,19849
2025-09-17 10:30:00+05:30,170.95,171.3,170.7,170.8,26895
2025-09-17 10:45:00+05:30,170.7,170.8,170.45,170.6,22528
2025-09-17 11:00:00+05:30,170.6,170.75,170.5,170.75,15134
2025-09-17 11:15:00+05:30,170.7,171.2,170.65,171.0,19551
2025-09-17 11:30:00+05:30,171.1,171.2,171.0,171.15,4922
2025-09-17 11:45:00+05:30,171.2,171.45,171.2,171.2,16359
2025-09-17 12:00:00+05:30,171.3,171.3,171.0,171.1,5797
2025-09-17 12:15:00+05:30,171.25,171.25,170.85,171.05,110465
2025-09-17 12:30:00+05:30,171.15,171.15,170.85,171.15,127405
2025-09-17 12:45:00+05:30,171.0,171.2,170.85,171.15,12380
2025-09-17 13:00:00+05:30,171.1,171.25,170.9,171.15,132484
2025-09-17 13:15:00+05:30,171.15,171.5,171.05,171.05,31436
2025-09-17 13:30:00+05:30,171.2,171.2,170.45,170.5,72669
2025-09-17 13:45:00+05:30,170.5,170.6,170.0,170.05,141761
2025-09-17 14:00:00+05:30,170.05,170.15,169.3,169.95,79553
2025-09-17 14:15:00+05:30,169.95,170.5,169.85,170.05,24818
2025-09-17 14:30:00+05:30,170.15,170.35,169.85,170.25,52426
2025-09-17 14:45:00+05:30,170.25,171.15,170.2,171.1,27633
2025-09-17 15:00:00+05:30,171.1,171.25,170.9,171.15,27719
2025-09-17 15:15:00+05:30,171.2,171.7,170.9,171.0,48183
2025-09-18 09:15:00+05:30,171.6,172.0,170.15,170.15,50788
2025-09-18 09:30:00+05:30,170.25,170.75,169.8,170.65,35231
2025-09-18 09:45:00+05:30,170.65,170.95,170.15,170.75,40698
2025-09-18 10:00:00+05:30,170.8,171.05,170.6,170.75,10785
2025-09-18 10:15:00+05:30,170.6,171.1,170.6,171.0,11256
2025-09-18 10:30:00+05:30,170.9,171.35,170.9,171.25,29516
2025-09-18 10:45:00+05:30,171.15,171.3,170.9,171.05,82424
2025-09-18 11:00:00+05:30,171.2,171.2,170.85,171.0,9443
2025-09-18 11:15:00+05:30,171.05,171.5,170.75,171.2,167580
2025-09-18 11:30:00+05:30,171.2,171.4,171.0,171.15,28624
2025-09-18 11:45:00+05:30,171.15,171.15,170.95,171.0,6288
2025-09-18 12:00:00+05:30,171.0,171.2,170.95,171.1,28175
2025-09-18 12:15:00+05:30,171.1,171.3,170.95,171.05,2635
2025-09-18 12:30:00+05:30,171.2,171.2,170.85,170.95,7259
2025-09-18 12:45:00+05:30,170.95,171.35,170.95,171.35,12844
2025-09-18 13:00:00+05:30,171.35,171.35,170.85,171.1,20266
2025-09-18 13:15:00+05:30,171.1,171.9,171.0,171.9,30787
2025-09-18 13:30:00+05:30,171.9,172.25,171.65,171.9,56919
2025-09-18 13:45:00+05:30,172.05,172.05,171.25,171.5,12935
2025-09-18 14:00:00+05:30,171.5,172.05,171.35,171.75,257370
2025-09-18 14:15:00+05:30,171.65,171.8,171.35,171.5,10789
2025-09-18 14:30:00+05:30,171.6,171.65,171.45,171.6,5363
2025-09-18 14:45:00+05:30,171.55,172.0,171.5,171.7,20507
2025-09-18 15:00:00+05:30,171.75,172.15,171.75,172.0,35629
2025-09-18 15:15:00+05:30,172.1,172.2,171.9,172.0,46274
2025-09-19 09:15:00+05:30,172.15,172.35,171.5,171.8,56734
2025-09-19 09:30:00+05:30,171.75,172.25,171.3,172.25,40072
2025-09-19 09:45:00+05:30,172.2,172.6,171.6,171.6,46268
2025-09-19 10:00:00+05:30,171.75,171.9,171.5,171.65,17238
2025-09-19 10:15:00+05:30,171.7,171.9,171.45,171.85,8965
2025-09-19 10:30:00+05:30,171.7,171.8,171.5,171.5,6476
2025-09-19 10:45:00+05:30,171.5,171.6,171.25,171.35,16725
2025-09-19 11:00:00+05:30,171.25,171.35,170.5,170.8,239323
2025-09-19 11:15:00+05:30,170.8,171.1,170.65,170.9,9063
2025-09-19 11:30:00+05:30,170.9,171.1,170.85,171.05,12279
2025-09-19 11:45:00+05:30,171.0,171.1,170.85,170.9,63801
2025-09-19 12:00:00+05:30,171.0,171.65,170.9,171.5,15951
2025-09-19 12:15:00+05:30,171.5,171.65,171.0,171.1,16395
2025-09-19 12:30:00+05:30,171.25,171.25,170.95,171.0,156942
2025-09-19 12:45:00+05:30,171.0,171.6,170.9,171.5,157554
2025-09-19 13:00:00+05:30,171.6,171.75,171.5,171.6,7380
2025-09-19 13:15:00+05:30,171.6,171.75,171.5,171.6,6212
2025-09-19 13:30:00+05:30,171.7,171.85,171.5,171.7,7860
2025-09-19 13:45:00+05:30,171.6,172.1,171.55,172.0,32634
2025-09-19 14:00:00+05:30,172.0,172.0,171.6,171.7,27212
2025-09-19 14:15:00+05:30,171.8,171.8,171.4,171.55,2832
2025-09-19 14:30:00+05:30,171.6,171.75,171.35,171.55,9414
2025-09-19 14:45:00+05:30,171.55,171.65,171.45,171.5,4862
2025-09-19 15:00:00+05:30,171.7,171.7,171.1,171.2,17267
2025-09-19 15:15:00+05:30,171.3,171.9,171.1,171.5,50848
2025-09-22 09:15:00+05:30,170.41,171.6,170.41,171.15,4354164
2025-09-22 09:30:00+05:30,171.15,171.8,170.85,171.75,4295035
2025-09-22 09:45:00+05:30,171.7,172.2,170.95,171.19,4272998
2025-09-22 10:00:00+05:30,171.6,172.1,171.2,171.6,45949
2025-09-22 10:15:00+05:30,171.6,171.8,171.25,171.55,4154920
2025-09-22 10:30:00+05:30,171.36,171.55,171.15,171.33,4131228
2025-09-22 10:45:00+05:30,171.25,171.4,171.15,171.3,0
2025-09-22 11:00:00+05:30,171.3,171.35,171.05,171.05,33133
2025-09-22 11:15:00+05:30,171.25,171.31,170.85,170.85,16583
2025-09-22 11:30:00+05:30,170.85,171.7,170.8,171.4,27638
2025-09-22 11:45:00+05:30,171.4,171.65,171.25,171.3,10744
2025-09-22 12:00:00+05:30,171.3,171.35,171.0,171.05,15267
2025-09-22 12:15:00+05:30,171.05,171.35,171.0,171.05,11097
2025-09-22 12:30:00+05:30,171.05,171.45,171.0,171.25,113261
2025-09-22 12:45:00+05:30,171.4,171.45,171.1,171.15,11015
2025-09-22 13:00:00+05:30,171.2,171.45,171.2,171.3,14940
2025-09-22 13:15:00+05:30,171.25,171.4,171.05,171.2,9613
2025-09-22 13:30:00+05:30,171.2,171.3,170.85,171.2,23827
2025-09-22 13:45:00+05:30,171.05,171.55,170.95,171.0,23795
2025-09-22 14:00:00+05:30,171.0,172.1,170.85,171.55,190582
2025-09-22 14:15:00+05:30,171.55,171.85,171.5,171.65,123964
2025-09-22 14:30:00+05:30,171.5,171.8,170.75,170.8,32260
2025-09-22 14:45:00+05:30,170.8,171.15,170.55,171.1,33732
2025-09-22 15:00:00+05:30,171.05,171.6,171.0,171.45,28488
2025-09-22 15:15:00+05:30,171.4,171.6,171.2,171.35,30956
2025-09-23 09:15:00+05:30,171.75,173.0,171.25,172.85,193252
2025-09-23 09:30:00+05:30,172.9,173.0,172.35,172.5,46275
2025-09-23 09:45:00+05:30,172.55,172.55,171.4,171.6,34348
2025-09-23 10:00:00+05:30,171.6,172.0,171.5,171.95,16312
2025-09-23 10:15:00+05:30,171.95,171.95,171.45,171.9,12925
2025-09-23 10:30:00+05:30,171.9,172.2,171.6,172.05,13790
2025-09-23 10:45:00+05:30,172.1,172.3,171.7,171.9,87654
2025-09-23 11:00:00+05:30,172.0,172.2,171.45,171.5,85515
2025-09-23 11:15:00+05:30,171.35,171.65,171.2,171.4,91461
2025-09-23 11:30:00+05:30,171.55,171.65,171.4,171.65,10853
2025-09-23 11:45:00+05:30,171.5,171.95,171.5,171.85,21415
2025-09-23 12:00:00+05:30,171.75,171.8,171.15,171.15,351328
2025-09-23 12:15:00+05:30,171.2,171.6,171.15,171.5,51755
2025-09-23 12:30:00+05:30,171.6,172.3,171.5,171.9,42545
2025-09-23 12:45:00+05:30,172.0,172.5,171.85,172.4,27377
2025-09-23 13:00:00+05:30,172.5,173.4,172.4,173.15,153448
2025-09-23 13:15:00+05:30,173.3,173.45,173.0,173.25,37169
2025-09-23 13:30:00+05:30,173.25,173.5,172.85,173.0,30440
2025-09-23 13:45:00+05:30,173.0,173.7,173.0,173.3,46804
2025-09-23 14:00:00+05:30,173.3,173.8,173.3,173.4,43942
2025-09-23 14:15:00+05:30,173.4,173.7,173.2,173.6,61732
2025-09-23 14:30:00+05:30,173.6,173.7,173.3,173.5,38218
2025-09-23 14:45:00+05:30,173.6,173.6,173.25,173.35,22172
2025-09-23 15:00:00+05:30,173.45,173.65,172.9,173.4,42311
2025-09-23 15:15:00+05:30,173.3,173.5,173.05,173.25,72341
2025-09-24 09:15:00+05:30,172.95,173.35,172.45,172.95,44407
2025-09-24 09:30:00+05:30,173.15,174.35,173.0,173.75,91723
2025-09-24 09:45:00+05:30,173.7,174.2,173.55,174.0,44491
2025-09-24 10:00:00+05:30,174.05,174.15,173.7,173.7,23902
2025-09-24 10:15:00+05:30,173.85,174.1,173.7,173.8,26735
2025-09-24 10:30:00+05:30,173.8,173.95,173.5,173.55,17781
2025-09-24 10:45:00+05:30,173.5,173.6,173.3,173.35,16960
2025-09-24 11:00:00+05:30,173.4,173.4,172.7,173.1,35654
2025-09-24 11:15:00+05:30,173.1,173.25,172.95,173.15,16979
2025-09-24 11:30:00+05:30,173.0,173.2,173.0,173.0,4980
2025-09-24 11:45:00+05:30,173.0,173.25,172.9,172.9,7516
2025-09-24 12:00:00+05:30,172.95,173.25,172.9,173.25,10055
2025-09-24 12:15:00+05:30,173.25,173.6,173.15,173.5,11951
2025-09-24 12:30:00+05:30,173.55,174.0,173.45,173.75,32046
2025-09-24 12:45:00+05:30,173.8,173.85,173.5,173.5,281609
2025-09-24 13:00:00+05:30,173.65,174.1,173.6,174.05,112265
2025-09-24 13:15:00+05:30,174.05,174.05,173.7,173.7,11309
2025-09-24 13:30:00+05:30,173.75,173.85,173.65,173.8,13279
2025-09-24 13:45:00+05:30,173.75,174.15,173.6,173.85,21201
2025-09-24 14:00:00+05:30,173.85,173.95,173.65,173.75,3982
2025-09-24 14:15:00+05:30,173.75,173.8,173.45,173.55,7953
2025-09-24 14:30:00+05:30,173.6,173.6,172.8,172.9,21349
2025-09-24 14:45:00+05:30,172.85,173.05,172.4,172.5,40569
2025-09-24 15:00:00+05:30,172.5,172.9,172.45,172.6,38768
2025-09-24 15:15:00+05:30,172.6,172.95,172.45,172.7,67106
2025-09-25 09:15:00+05:30,172.9,173.4,171.85,172.15,79237
2025-09-25 09:30:00+05:30,172.15,172.45,172.0,172.05,26522
2025-09-25 09:45:00+05:30,172.05,173.6,171.9,173.5,95049
2025-09-25 10:00:00+05:30,173.5,173.9,173.1,173.15,34803
2025-09-25 10:15:00+05:30,173.15,173.65,173.15,173.65,36921
2025-09-25 10:30:00+05:30,173.5,173.8,173.2,173.3,30001
2025-09-25 10:45:00+05:30,173.25,173.3,172.8,172.85,18112
2025-09-25 11:00:00+05:30,172.95,173.35,172.95,173.1,26702
2025-09-25 11:15:00+05:30,173.0,173.1,172.7,172.9,20048
2025-09-25 11:30:00+05:30,173.0,173.0,172.55,172.75,12170
2025-09-25 11:45:00+05:30,172.8,172.9,172.55,172.85,20029
2025-09-25 12:00:00+05:30,172.85,172.95,172.55,172.95,21977
2025-09-25 12:15:00+05:30,172.95,173.15,172.6,172.7,274221
2025-09-25 12:30:00+05:30,172.7,172.9,172.55,172.7,196831
2025-09-25 12:45:00+05:30,172.7,173.05,172.65,172.9,23746
2025-09-25 13:00:00+05:30,172.9,173.15,172.8,172.95,22850
2025-09-25 13:15:00+05:30,172.95,173.15,172.8,173.05,11420
2025-09-25 13:30:00+05:30,173.05,173.4,173.05,173.3,20627
2025-09-25 13:45:00+05:30,173.3,173.6,173.0,173.2,43949
2025-09-25 14:00:00+05:30,173.25,173.25,172.55,172.75,55567
2025-09-25 14:15:00+05:30,172.65,172.85,172.4,172.6,28835
2025-09-25 14:30:00+05:30,172.6,172.7,172.2,172.2,66862
2025-09-25 14:45:00+05:30,172.2,172.5,172.1,172.35,39590
2025-09-25 15:00:00+05:30,172.4,172.55,172.15,172.3,62396
2025-09-25 15:15:00+05:30,172.45,172.55,172.2,172.3,70974
2025-09-26 09:15:00+05:30,172.2,173.3,170.55,170.85,134304
2025-09-26 09:30:00+05:30,170.9,171.1,170.35,170.9,56582
2025-09-26 09:45:00+05:30,170.85,171.0,170.6,170.75,16086
2025-09-26 10:00:00+05:30,170.85,170.85,169.9,170.4,28870
2025-09-26 10:15:00+05:30,170.25,170.4,169.8,170.1,13027
2025-09-26 10:30:00+05:30,170.0,170.3,169.95,170.0,15631
2025-09-26 10:45:00+05:30,170.1,170.5,169.3,169.3,35711
2025-09-26 11:00:00+05:30,169.3,169.4,168.65,168.65,25899
2025-09-26 11:15:00+05:30,168.65,168.7,167.8,168.1,30587
2025-09-26 11:30:00+05:30,168.05,168.25,167.9,167.95,12992
2025-09-26 11:45:00+05:30,168.05,168.75,168.0,168.75,6009
2025-09-26 12:00:00+05:30,168.7,168.7,168.35,168.55,10778
2025-09-26 12:15:00+05:30,168.35,168.9,168.2,168.75,9558
2025-09-26 12:30:00+05:30,168.75,168.75,168.4,168.5,11773
2025-09-26 12:45:00+05:30,168.7,169.15,168.45,169.1,14941
2025-09-26 13:00:00+05:30,169.15,169.15,168.5,168.5,9250
2025-09-26 13:15:00+05:30,168.5,169.2,168.25,168.5,14113
2025-09-26 13:30:00+05:30,168.55,168.75,168.4,168.6,11419
2025-09-26 13:45:00+05:30,168.6,168.8,168.0,168.15,9146
2025-09-26 14:00:00+05:30,168.1,168.3,167.85,168.2,22159
2025-09-26 14:15:00+05:30,168.05,168.25,167.4,167.65,23665
2025-09-26 14:30:00+05:30,167.65,168.0,167.45,167.75,21903
2025-09-26 14:45:00+05:30,167.8,167.8,167.3,167.45,21318
2025-09-26 15:00:00+05:30,167.45,167.8,167.15,167.5,47349
2025-09-26 15:15:00+05:30,167.4,167.55,167.2,167.45,56459
2025-09-29 09:15:00+05:30,167.95,169.45,167.85,169.4,109189
2025-09-29 09:30:00+05:30,169.45,169.95,169.35,169.75,41367
2025-09-29 09:45:00+05:30,169.75,169.75,169.1,169.35,24881
2025-09-29 10:00:00+05:30,169.4,169.55,169.3,169.5,30170
2025-09-29 10:15:00+05:30,169.55,170.0,169.45,169.7,22801
2025-09-29 10:30:00+05:30,169.8,169.95,169.55,169.9,33073
2025-09-29 10:45:00+05:30,169.8,169.95,169.4,169.55,19519
2025-09-29 11:00:00+05:30,169.55,169.65,169.25,169.3,9895
2025-09-29 11:15:00+05:30,169.35,169.4,169.2,169.2,6097
2025-09-29 11:30:00+05:30,169.25,169.3,168.7,169.0,22249
2025-09-29 11:45:00+05:30,169.0,169.0,168.55,168.7,20378
2025-09-29 12:00:00+05:30,168.8,168.95,168.55,168.75,23997
2025-09-29 12:15:00+05:30,168.75,168.8,168.55,168.7,13948
2025-09-29 12:30:00+05:30,168.8,168.85,168.5,168.5,6808
2025-09-29 12:45:00+05:30,168.65,169.0,168.45,168.95,19452
2025-09-29 13:00:00+05:30,168.85,169.4,168.8,169.3,17341
2025-09-29 13:15:00+05:30,169.4,169.7,169.35,169.55,19684
2025-09-29 13:30:00+05:30,169.55,169.7,169.45,169.45,21929
2025-09-29 13:45:00+05:30,169.5,169.7,169.35,169.7,21800
2025-09-29 14:00:00+05:30,169.6,170.1,169.6,169.9,52896
2025-09-29 14:15:00+05:30,169.95,170.25,169.75,170.1,23178
2025-09-29 14:30:00+05:30,170.0,170.15,169.3,169.4,23618
2025-09-29 14:45:00+05:30,169.5,169.6,169.35,169.45,13311
2025-09-29 15:00:00+05:30,169.45,169.45,168.8,169.0,30360
2025-09-29 15:15:00+05:30,168.95,169.5,168.7,169.05,28055
2025-09-30 09:15:00+05:30,169.65,170.2,169.25,169.55,63826
2025-09-30 09:30:00+05:30,169.6,169.75,168.85,169.0,113027
2025-09-30 09:45:00+05:30,168.85,169.15,168.6,169.0,20692
2025-09-30 10:00:00+05:30,169.0,169.05,168.35,168.5,20450
2025-09-30 10:15:00+05:30,168.5,169.75,168.4,169.1,37439
2025-09-30 10:30:00+05:30,169.05,169.2,168.5,169.0,20892
2025-09-30 10:45:00+05:30,168.9,169.1,168.75,169.0,8831
2025-09-30 11:00:00+05:30,169.1,169.7,169.0,169.6,33610
2025-09-30 11:15:00+05:30,169.7,169.75,169.25,169.4,27659
2025-09-30 11:30:00+05:30,169.5,169.55,169.25,169.35,15566
2025-09-30 11:45:00+05:30,169.45,169.65,169.3,169.6,33398
2025-09-30 12:00:00+05:30,169.6,169.8,169.4,169.6,44889
2025-09-30 12:15:00+05:30,169.6,169.85,169.4,169.6,27320
2025-09-30 12:30:00+05:30,169.6,169.65,169.25,169.4,11698
2025-09-30 12:45:00+05:30,169.3,169.7,169.3,169.7,12211
2025-09-30 13:00:00+05:30,169.6,169.7,169.3,169.45,13235
2025-09-30 13:15:00+05:30,169.45,169.55,169.25,169.25,18969
2025-09-30 13:30:00+05:30,169.35,169.35,168.9,168.95,37625
2025-09-30 13:45:00+05:30,169.05,169.25,168.9,169.0,25737
2025-09-30 14:00:00+05:30,169.0,169.05,168.4,168.9,24209
2025-09-30 14:15:00+05:30,168.7,168.85,168.4,168.7,27722
2025-09-30 14:30:00+05:30,168.7,169.05,168.5,169.0,34801
2025-09-30 14:45:00+05:30,169.1,169.1,168.65,168.85,59949
2025-09-30 15:00:00+05:30,168.95,168.95,168.5,168.6,28467
2025-09-30 15:15:00+05:30,168.7,169.45,168.45,168.7,70927
2025-10-01 09:15:00+05:30,168.9,169.8,167.95,168.75,64077
2025-10-01 09:30:00+05:30,168.7,169.35,168.65,169.2,46373
2025-10-01 09:45:00+05:30,169.15,169.2,168.5,168.65,11272
2025-10-01 10:00:00+05:30,168.6,168.8,168.0,168.35,18285
2025-10-01 10:15:00+05:30,168.2,168.4,167.35,167.65,36991
2025-10-01 10:30:00+05:30,167.65,168.0,166.8,167.0,27481
2025-10-01 10:45:00+05:30,166.95,167.2,166.7,167.1,19465
2025-10-01 11:00:00+05:30,167.1,167.25,166.9,167.05,9762
2025-10-01 11:15:00+05:30,167.1,167.5,166.95,167.25,33648
2025-10-01 11:30:00+05:30,167.3,167.5,166.95,167.1,15892
2025-10-01 11:45:00+05:30,167.25,167.5,167.0,167.5,10624
2025-10-01 12:00:00+05:30,167.5,168.0,167.5,167.75,670128
2025-10-01 12:15:00+05:30,167.8,168.0,167.55,167.65,17306
2025-10-01 12:30:00+05:30,167.75,167.95,167.3,167.35,24354
2025-10-01 12:45:00+05:30,167.35,167.4,166.8,166.95,52857
2025-10-01 13:00:00+05:30,167.05,167.15,166.05,166.8,69127
2025-10-01 13:15:00+05:30,166.8,167.2,166.75,167.15,11023
2025-10-01 13:30:00+05:30,167.15,167.7,167.0,167.5,32149
2025-10-01 13:45:00+05:30,167.6,167.85,167.4,167.4,13509
2025-10-01 14:00:00+05:30,167.5,167.65,167.15,167.4,9449
2025-10-01 14:15:00+05:30,167.35,167.65,167.1,167.5,11883
2025-10-01 14:30:00+05:30,167.6,167.65,167.05,167.4,528539
2025-10-01 14:45:00+05:30,167.4,168.0,167.4,167.6,117250
2025-10-01 15:00:00+05:30,167.65,167.8,167.25,167.4,83385
2025-10-01 15:15:00+05:30,167.35,167.8,167.3,167.5,120020
2025-10-03 09:15:00+05:30,168.45,173.05,168.45,172.75,410743
2025-10-03 09:30:00+05:30,172.6,172.8,171.8,172.35,81559
2025-10-03 09:45:00+05:30,172.35,173.55,172.25,172.95,221835
2025-10-03 10:00:00+05:30,173.05,173.45,172.95,173.05,97145
2025-10-03 10:15:00+05:30,173.1,173.3,172.8,173.2,52654
2025-10-03 10:30:00+05:30,173.3,174.7,173.25,174.0,340671
2025-10-03 10:45:00+05:30,173.95,174.25,173.7,174.1,65785
2025-10-03 11:00:00+05:30,174.2,174.3,173.8,174.05,61724
2025-10-03 11:15:00+05:30,174.1,174.2,173.1,173.45,59543
2025-10-03 11:30:00+05:30,173.45,174.3,173.3,174.2,52833
2025-10-03 11:45:00+05:30,174.3,174.5,173.6,173.75,142704
2025-10-03 12:00:00+05:30,173.85,174.45,173.85,174.05,85756
2025-10-03 12:15:00+05:30,174.05,174.2,173.9,174.0,481157
2025-10-03 12:30:00+05:30,174.1,174.2,173.75,174.05,45056
2025-10-03 12:45:00+05:30,174.0,174.2,173.9,174.2,24855
2025-10-03 13:00:00+05:30,174.2,174.5,173.85,173.95,90795
2025-10-03 13:15:00+05:30,173.85,173.95,173.4,173.5,85078
2025-10-03 13:30:00+05:30,173.55,173.85,173.35,173.65,29077
2025-10-03 13:45:00+05:30,173.65,173.85,173.5,173.65,22344
2025-10-03 14:00:00+05:30,173.65,173.65,172.9,172.95,83142
2025-10-03 14:15:00+05:30,173.0,173.1,172.9,172.95,19491
2025-10-03 14:30:00+05:30,173.0,173.3,172.8,173.25,41547
2025-10-03 14:45:00+05:30,173.25,173.4,173.0,173.15,69500
2025-10-03 15:00:00+05:30,173.2,173.45,173.0,173.2,104446
2025-10-03 15:15:00+05:30,173.05,173.5,172.95,173.2,155695
2025-10-06 09:15:00+05:30,173.35,173.55,171.35,171.6,174971
2025-10-06 09:30:00+05:30,171.6,171.65,170.65,170.95,52205
2025-10-06 09:45:00+05:30,170.8,171.4,170.15,171.4,97834
2025-10-06 10:00:00+05:30,171.25,171.55,170.95,171.35,39143
2025-10-06 10:15:00+05:30,171.55,171.55,171.0,171.05,35133
2025-10-06 10:30:00+05:30,171.05,171.25,170.55,170.55,10861
2025-10-06 10:45:00+05:30,170.6,170.7,170.0,170.2,31584
2025-10-06 11:00:00+05:30,170.2,170.4,169.85,170.1,54406
2025-10-06 11:15:00+05:30,170.0,170.1,169.35,169.6,37069
2025-10-06 11:30:00+05:30,169.6,169.75,169.3,169.5,22922
2025-10-06 11:45:00+05:30,169.65,169.95,169.45,169.7,19073
2025-10-06 12:00:00+05:30,169.8,170.2,169.65,170.2,19265
2025-10-06 12:15:00+05:30,170.15,170.4,170.0,170.1,116416
2025-10-06 12:30:00+05:30,170.1,170.3,169.95,170.1,42222
2025-10-06 12:45:00+05:30,170.1,170.25,169.95,170.05,231841
2025-10-06 13:00:00+05:30,170.05,170.05,169.9,169.95,95127
2025-10-06 13:15:00+05:30,169.95,170.25,169.95,170.05,186503
2025-10-06 13:30:00+05:30,170.2,170.5,169.95,170.1,19147
2025-10-06 13:45:00+05:30,170.2,170.35,169.85,170.1,23095
2025-10-06 14:00:00+05:30,170.2,170.2,169.9,170.0,36766
2025-10-06 14:15:00+05:30,170.0,170.05,169.8,169.85,7953
2025-10-06 14:30:00+05:30,169.8,170.05,169.65,169.65,40858
2025-10-06 14:45:00+05:30,169.55,170.0,169.4,169.9,53907
2025-10-06 15:00:00+05:30,169.9,170.1,169.7,170.05,40675
2025-10-06 15:15:00+05:30,169.95,170.45,169.95,169.95,303354
2025-10-07 09:15:00+05:30,170.75,171.35,170.5,171.1,61302
2025-10-07 09:30:00+05:30,171.1,172.2,170.95,171.35,37799
2025-10-07 09:45:00+05:30,171.3,172.0,171.2,171.75,22285
2025-10-07 10:00:00+05:30,171.7,171.7,171.35,171.4,9644
2025-10-07 10:15:00+05:30,171.4,171.75,171.25,171.45,57276
2025-10-07 10:30:00+05:30,171.45,171.55,171.15,171.45,11856
2025-10-07 10:45:00+05:30,171.55,171.95,171.0,171.1,15018
2025-10-07 11:00:00+05:30,171.25,171.3,170.85,170.95,12284
2025-10-07 11:15:00+05:30,171.1,171.1,170.45,170.85,64981
2025-10-07 11:30:00+05:30,171.0,171.0,170.6,170.9,10911
2025-10-07 11:45:00+05:30,170.8,171.05,170.75,171.0,70725
2025-10-07 12:00:00+05:30,171.0,171.3,170.8,171.0,15561
2025-10-07 12:15:00+05:30,170.9,171.0,170.6,170.9,912
2025-10-07 12:30:00+05:30,170.9,171.45,170.7,171.35,11798
2025-10-07 12:45:00+05:30,171.4,171.8,171.15,171.75,10572
2025-10-07 13:00:00+05:30,171.65,171.75,171.2,171.45,510999
2025-10-07 13:15:00+05:30,171.35,171.5,171.2,171.25,2599
2025-10-07 13:30:00+05:30,171.35,171.7,171.25,171.55,6889
2025-10-07 13:45:00+05:30,171.7,171.75,171.35,171.6,7083
2025-10-07 14:00:00+05:30,171.6,171.7,171.4,171.65,7531
2025-10-07 14:15:00+05:30,171.65,171.7,171.35,171.5,4392
2025-10-07 14:30:00+05:30,171.55,171.65,171.35,171.4,10357
2025-10-07 14:45:00+05:30,171.4,171.6,171.35,171.5,8127
2025-10-07 15:00:00+05:30,171.35,171.5,171.1,171.3,10645
2025-10-07 15:15:00+05:30,171.4,171.65,171.3,171.4,71737
2025-10-08 09:15:00+05:30,171.7,172.8,171.5,171.75,84469
2025-10-08 09:30:00+05:30,171.8,172.1,171.5,171.55,27655
2025-10-08 09:45:00+05:30,171.5,171.5,170.85,171.5,47225
2025-10-08 10:00:00+05:30,171.5,171.9,171.3,171.4,24383
2025-10-08 10:15:00+05:30,171.3,171.65,171.15,171.45,55330
2025-10-08 10:30:00+05:30,171.4,171.85,171.25,171.75,11374
2025-10-08 10:45:00+05:30,171.75,172.6,171.55,172.1,98427
2025-10-08 11:00:00+05:30,172.15,172.35,170.45,170.6,125150
2025-10-08 11:15:00+05:30,170.7,171.05,170.1,170.65,125942
2025-10-08 11:30:00+05:30,170.65,171.35,170.65,171.25,499484
2025-10-08 11:45:00+05:30,171.25,172.5,171.1,171.9,380148
2025-10-08 12:00:00+05:30,171.9,173.1,171.5,173.0,309753
2025-10-08 12:15:00+05:30,173.1,173.55,172.8,173.1,109904
2025-10-08 12:30:00+05:30,173.1,173.4,172.9,173.0,68159
2025-10-08 12:45:00+05:30,173.05,173.45,172.75,172.8,26182
2025-10-08 13:00:00+05:30,172.8,173.05,172.65,172.75,18627
2025-10-08 13:15:00+05:30,172.65,172.85,172.5,172.7,8516
2025-10-08 13:30:00+05:30,172.55,173.25,172.5,173.0,21446
2025-10-08 13:45:00+05:30,173.0,173.55,173.0,173.4,16619
2025-10-08 14:00:00+05:30,173.4,173.55,172.8,172.85,26770
2025-10-08 14:15:00+05:30,173.0,173.0,172.7,172.8,32013
2025-10-08 14:30:00+05:30,172.8,172.85,172.65,172.7,6985
2025-10-08 14:45:00+05:30,172.75,172.75,172.05,172.2,237692
2025-10-08 15:00:00+05:30,172.3,172.3,171.65,171.7,45652
2025-10-08 15:15:00+05:30,171.7,172.3,171.6,172.05,71738
2025-10-09 09:15:00+05:30,172.85,177.25,172.85,177.25,659375
2025-10-09 09:30:00+05:30,177.15,177.85,176.45,176.45,299529
2025-10-09 09:45:00+05:30,176.6,176.6,175.75,176.4,136284
2025-10-09 10:00:00+05:30,176.4,176.85,175.5,176.0,3497540
2025-10-09 10:15:00+05:30,176.0,177.2,175.85,176.8,501676
2025-10-09 10:30:00+05:30,176.95,177.05,176.45,177.0,139144
2025-10-09 10:45:00+05:30,176.95,177.2,176.7,177.0,89565
2025-10-09 11:00:00+05:30,176.85,177.2,176.85,176.9,24246
2025-10-09 11:15:00+05:30,176.85,177.45,176.75,176.95,204557
2025-10-09 11:30:00+05:30,177.0,177.1,176.7,176.85,180018
2025-10-09 11:45:00+05:30,176.9,177.0,176.4,176.75,45188
2025-10-09 12:00:00+05:30,176.9,176.95,175.7,176.1,105839
2025-10-09 12:15:00+05:30,176.05,176.35,174.9,175.1,98295
2025-10-09 12:30:00+05:30,174.95,175.8,174.95,175.6,56694
2025-10-09 12:45:00+05:30,175.7,175.8,175.2,175.4,516376
2025-10-09 13:00:00+05:30,175.25,175.45,175.15,175.45,458030
2025-10-09 13:15:00+05:30,175.45,175.6,175.0,175.25,298581
2025-10-09 13:30:00+05:30,175.3,175.55,174.8,175.35,38110
2025-10-09 13:45:00+05:30,175.25,175.9,175.15,175.65,49052
2025-10-09 14:00:00+05:30,175.6,175.95,175.55,175.65,29031
2025-10-09 14:15:00+05:30,175.65,175.85,175.4,175.5,13460
2025-10-09 14:30:00+05:30,175.65,175.8,175.35,175.6,81852
2025-10-09 14:45:00+05:30,175.6,176.6,175.6,176.55,56154
2025-10-09 15:00:00+05:30,176.55,176.65,176.25,176.3,225376
2025-10-09 15:15:00+05:30,176.35,176.6,176.1,176.4,155095
2025-10-10 09:15:00+05:30,175.75,176.15,173.35,174.15,227140
2025-10-10 09:30:00+05:30,174.15,174.35,173.4,173.85,38460
2025-10-10 09:45:00+05:30,174.0,174.2,173.6,174.1,53365
2025-10-10 10:00:00+05:30,174.2,174.4,173.5,173.8,48320
2025-10-10 10:15:00+05:30,173.8,174.05,173.6,173.6,13334
2025-10-10 10:30:00+05:30,173.75,173.8,173.2,173.45,76228
2025-10-10 10:45:00+05:30,173.45,173.8,173.35,173.6,9708
2025-10-10 11:00:00+05:30,173.7,173.85,173.5,173.6,16122
2025-10-10 11:15:00+05:30,173.7,173.8,173.35,173.55,19969
2025-10-10 11:30:00+05:30,173.45,173.5,173.05,173.4,85368
2025-10-10 11:45:00+05:30,173.4,173.5,173.25,173.45,40630
2025-10-10 12:00:00+05:30,173.55,173.65,173.3,173.5,3655
2025-10-10 12:15:00+05:30,173.55,173.55,173.15,173.2,36465
2025-10-10 12:30:00+05:30,173.25,173.65,172.75,173.6,680763
2025-10-10 12:45:00+05:30,173.6,173.75,173.4,173.65,18510
2025-10-10 13:00:00+05:30,173.7,173.95,173.65,173.85,29157
2025-10-10 13:15:00+05:30,173.8,174.0,173.5,173.7,21609
2025-10-10 13:30:00+05:30,173.8,173.85,173.5,173.6,22907
2025-10-10 13:45:00+05:30,173.6,174.1,173.5,173.9,13177
2025-10-10 14:00:00+05:30,173.85,173.9,173.5,173.6,8697
2025-10-10 14:15:00+05:30,173.5,173.8,173.5,173.7,8480
2025-10-10 14:30:00+05:30,173.65,173.9,173.4,173.9,11562
2025-10-10 14:45:00+05:30,173.8,173.9,173.65,173.8,12417
2025-10-10 15:00:00+05:30,173.8,173.8,173.45,173.7,26147
2025-10-10 15:15:00+05:30,173.7,174.15,173.55,173.8,96346
2025-10-13 09:15:00+05:30,173.0,173.8,171.85,171.95,94969
2025-10-13 09:30:00+05:30,171.95,172.6,171.6,172.3,49205
2025-10-13 09:45:00+05:30,172.3,172.7,171.75,172.05,225309
2025-10-13 10:00:00+05:30,172.2,172.55,171.85,172.15,8430
2025-10-13 10:15:00+05:30,172.1,172.25,171.55,171.7,12090
2025-10-13 10:30:00+05:30,171.8,171.95,171.65,171.95,113596
2025-10-13 10:45:00+05:30,171.95,172.75,171.9,172.15,31192
2025-10-13 11:00:00+05:30,172.15,172.7,172.0,172.5,4268
2025-10-13 11:15:00+05:30,172.5,172.5,172.1,172.3,47075
2025-10-13 11:30:00+05:30,172.35,172.85,172.35,172.65,24928
2025-10-13 11:45:00+05:30,172.55,172.75,172.5,172.55,6628
2025-10-13 12:00:00+05:30,172.7,172.7,172.45,172.65,4655
2025-10-13 12:15:00+05:30,172.55,172.7,172.4,172.55,4899
2025-10-13 12:30:00+05:30,172.65,172.9,172.45,172.75,3885
2025-10-13 12:45:00+05:30,172.8,172.9,172.6,172.7,3087
2025-10-13 13:00:00+05:30,172.8,172.8,172.5,172.5,12433
2025-10-13 13:15:00+05:30,172.6,172.7,172.5,172.5,2353
2025-10-13 13:30:00+05:30,172.65,172.9,172.5,172.7,7215
2025-10-13 13:45:00+05:30,172.65,172.8,172.5,172.55,3588
2025-10-13 14:00:00+05:30,172.65,172.75,172.55,172.6,7164
2025-10-13 14:15:00+05:30,172.65,173.1,172.5,173.05,23727
2025-10-13 14:30:00+05:30,172.9,173.05,172.7,172.7,4343
2025-10-13 14:45:00+05:30,172.85,172.9,172.6,172.7,5593
2025-10-13 15:00:00+05:30,172.7,173.0,172.55,172.9,23457
2025-10-13 15:15:00+05:30,172.8,173.65,172.75,172.95,80876
2025-10-14 09:15:00+05:30,176.0,176.0,174.4,174.6,175481
2025-10-14 09:30:00+05:30,174.55,175.1,173.9,173.9,61261
2025-10-14 09:45:00+05:30,174.0,174.15,173.4,173.4,36191
2025-10-14 10:00:00+05:30,173.4,173.85,173.3,173.35,20371
2025-10-14 10:15:00+05:30,173.35,173.5,173.1,173.35,10430
2025-10-14 10:30:00+05:30,173.45,173.45,173.05,173.3,59642
2025-10-14 10:45:00+05:30,173.4,173.7,172.75,172.95,54522
2025-10-14 11:00:00+05:30,172.95,173.0,172.05,172.3,28746
2025-10-14 11:15:00+05:30,172.2,172.3,171.65,172.0,15032
2025-10-14 11:30:00+05:30,172.0,172.15,171.7,172.15,17121
2025-10-14 11:45:00+05:30,172.05,172.15,171.4,171.55,7995
2025-10-14 12:00:00+05:30,171.7,171.7,170.5,170.85,26354
2025-10-14 12:15:00+05:30,170.85,170.85,169.7,169.95,26762
2025-10-14 12:30:00+05:30,169.95,169.95,169.3,169.4,38041
2025-10-14 12:45:00+05:30,169.45,170.15,169.45,170.05,25958
2025-10-14 13:00:00+05:30,170.1,170.1,169.25,169.5,29792
2025-10-14 13:15:00+05:30,169.45,169.6,169.3,169.5,13181
2025-10-14 13:30:00+05:30,169.65,170.0,169.55,169.75,11244
2025-10-14 13:45:00+05:30,169.9,169.9,169.55,169.65,8091
2025-10-14 14:00:00+05:30,169.7,170.1,169.55,169.8,13422
2025-10-14 14:15:00+05:30,169.8,170.6,169.5,170.3,15632
2025-10-14 14:30:00+05:30,170.45,171.35,170.3,171.0,21611
2025-10-14 14:45:00+05:30,171.15,171.15,170.65,171.0,18547
2025-10-14 15:00:00+05:30,170.9,171.0,170.5,170.5,26243
2025-10-14 15:15:00+05:30,170.5,170.7,170.0,170.4,107747
2025-10-15 09:15:00+05:30,170.65,171.4,170.15,170.85,66950
2025-10-15 09:30:00+05:30,171.0,172.2,170.9,171.65,30417
2025-10-15 09:45:00+05:30,171.65,172.0,171.5,171.85,7859
2025-10-15 10:00:00+05:30,171.85,172.25,171.65,171.95,10173
2025-10-15 10:15:00+05:30,171.95,172.45,171.95,172.25,13601
2025-10-15 10:30:00+05:30,172.4,172.45,172.05,172.3,41452
2025-10-15 10:45:00+05:30,172.3,173.3,172.25,173.3,36877
2025-10-15 11:00:00+05:30,173.3,173.75,173.1,173.3,52003
2025-10-15 11:15:00+05:30,173.3,173.85,173.2,173.65,28761
2025-10-15 11:30:00+05:30,173.65,173.7,173.35,173.65,10166
2025-10-15 11:45:00+05:30,173.55,173.7,173.35,173.55,6970
2025-10-15 12:00:00+05:30,173.55,173.85,173.35,173.75,62020
2025-10-15 12:15:00+05:30,173.7,173.9,173.45,173.7,7666
2025-10-15 12:30:00+05:30,173.85,173.95,173.5,173.5,7489
2025-10-15 12:45:00+05:30,173.65,173.65,173.4,173.4,10131
2025-10-15 13:00:00+05:30,173.5,173.6,173.25,173.4,8062
2025-10-15 13:15:00+05:30,173.3,173.95,173.3,173.6,18020
2025-10-15 13:30:00+05:30,173.65,173.75,173.55,173.55,6574
2025-10-15 13:45:00+05:30,173.55,173.9,173.55,173.65,6491
2025-10-15 14:00:00+05:30,173.6,173.65,173.35,173.35,15243
2025-10-15 14:15:00+05:30,173.35,173.5,173.05,173.35,11653
2025-10-15 14:30:00+05:30,173.3,173.5,173.2,173.5,10015
2025-10-15 14:45:00+05:30,173.5,173.5,173.1,173.2,10361
2025-10-15 15:00:00+05:30,173.35,173.4,173.05,173.4,63650
2025-10-15 15:15:00+05:30,173.35,173.4,173.0,173.15,19410
2025-10-16 09:15:00+05:30,173.0,173.25,172.2,172.65,44853
2025-10-16 09:30:00+05:30,172.7,172.75,172.4,172.65,11415
2025-10-16 09:45:00+05:30,172.65,172.95,172.65,172.75,17605
2025-10-16 10:00:00+05:30,172.75,173.0,172.4,172.45,13967
2025-10-16 10:15:00+05:30,172.55,173.0,172.4,172.9,65709
2025-10-16 10:30:00+05:30,172.8,173.35,172.7,173.15,62967
2025-10-16 10:45:00+05:30,173.15,173.2,172.8,173.1,33267
2025-10-16 11:00:00+05:30,173.1,173.65,172.85,173.45,25363
2025-10-16 11:15:00+05:30,173.45,173.65,173.4,173.5,7314
2025-10-16 11:30:00+05:30,173.6,173.7,173.4,173.4,11138
2025-10-16 11:45:00+05:30,173.4,173.65,173.3,173.6,7401
2025-10-16 12:00:00+05:30,173.55,173.65,173.4,173.65,4566
2025-10-16 12:15:00+05:30,173.5,173.7,173.5,173.6,9184
2025-10-16 12:30:00+05:30,173.7,173.75,173.6,173.65,4449
2025-10-16 12:45:00+05:30,173.7,173.7,173.45,173.6,19636
2025-10-16 13:00:00+05:30,173.6,173.7,173.5,173.6,2011
2025-10-16 13:15:00+05:30,173.45,173.65,173.4,173.5,13842
2025-10-16 13:30:00+05:30,173.6,173.85,173.4,173.8,14985
2025-10-16 13:45:00+05:30,173.85,173.95,173.7,173.75,9993
2025-10-16 14:00:00+05:30,173.7,173.75,173.5,173.55,9220
2025-10-16 14:15:00+05:30,173.7,173.85,173.55,173.8,8137
2025-10-16 14:30:00+05:30,173.8,174.4,173.8,174.35,41531
2025-10-16 14:45:00+05:30,174.25,174.3,173.85,174.0,10856
2025-10-16 15:00:00+05:30,174.0,174.3,173.8,174.0,184930
2025-10-16 15:15:00+05:30,174.0,174.3,173.75,174.05,82755
2025-10-17 09:15:00+05:30,173.75,174.1,173.05,174.05,94340
2025-10-17 09:30:00+05:30,173.9,174.25,173.5,174.05,37355
2025-10-17 09:45:00+05:30,173.9,174.15,173.35,173.7,21699
2025-10-17 10:00:00+05:30,173.8,174.0,173.65,173.95,31767
2025-10-17 10:15:00+05:30,173.95,174.1,173.5,173.55,18937
2025-10-17 10:30:00+05:30,173.65,173.8,173.45,173.6,11874
2025-10-17 10:45:00+05:30,173.65,173.85,173.2,173.35,38938
2025-10-17 11:00:00+05:30,173.35,173.75,172.95,173.5,459528
2025-10-17 11:15:00+05:30,173.5,173.75,173.35,173.7,70307
2025-10-17 11:30:00+05:30,173.6,173.75,173.3,173.4,18551
2025-10-17 11:45:00+05:30,173.4,173.4,173.0,173.1,24540
2025-10-17 12:00:00+05:30,173.0,173.2,173.0,173.2,8663
2025-10-17 12:15:00+05:30,173.05,173.3,172.8,173.1,19027
2025-10-17 12:30:00+05:30,173.25,173.4,172.9,172.9,17419
2025-10-17 12:45:00+05:30,172.95,172.95,172.05,172.2,51351
2025-10-17 13:00:00+05:30,172.25,172.3,171.3,171.45,84512
2025-10-17 13:15:00+05:30,171.4,171.8,171.0,171.75,458219
2025-10-17 13:30:00+05:30,171.65,171.75,171.0,171.2,19685
2025-10-17 13:45:00+05:30,171.15,172.2,171.05,172.0,31660
2025-10-17 14:00:00+05:30,172.0,172.1,171.75,171.85,20669
2025-10-17 14:15:00+05:30,171.75,172.05,171.65,171.9,30232
2025-10-17 14:30:00+05:30,171.9,172.75,171.9,172.35,43082
2025-10-17 14:45:00+05:30,172.35,172.5,171.8,172.05,27311
2025-10-17 15:00:00+05:30,172.05,172.35,171.9,172.2,25611
2025-10-17 15:15:00+05:30,172.2,173.0,171.3,172.25,192167
2025-10-20 09:15:00+05:30,172.8,172.95,171.25,171.9,123678
2025-10-20 09:30:00+05:30,171.9,171.9,171.0,171.4,31597
2025-10-20 09:45:00+05:30,171.35,171.5,170.8,171.35,32238
2025-10-20 10:00:00+05:30,171.2,171.75,171.0,171.6,21064
2025-10-20 10:15:00+05:30,171.6,171.95,171.35,171.8,31441
2025-10-20 10:30:00+05:30,171.65,172.1,171.5,172.1,23409
2025-10-20 10:45:00+05:30,172.1,172.5,172.0,172.35,21447
2025-10-20 11:00:00+05:30,172.45,172.6,172.1,172.4,26576
2025-10-20 11:15:00+05:30,172.35,172.6,171.95,172.6,19536
2025-10-20 11:30:00+05:30,172.5,172.6,171.6,171.6,51045
2025-10-20 11:45:00+05:30,171.7,171.95,171.5,171.6,40171
2025-10-20 12:00:00+05:30,171.6,171.85,171.35,171.4,38373
2025-10-20 12:15:00+05:30,171.5,171.75,171.4,171.6,33456
2025-10-20 12:30:00+05:30,171.6,171.8,171.5,171.6,22419
2025-10-20 12:45:00+05:30,171.75,172.05,171.4,172.05,147051
2025-10-20 13:00:00+05:30,172.2,172.2,171.85,172.15,28166
2025-10-20 13:15:00+05:30,172.1,172.45,171.8,171.9,23649
2025-10-20 13:30:00+05:30,171.8,172.05,171.75,171.9,24680
2025-10-20 13:45:00+05:30,171.9,172.7,171.6,172.05,46968
2025-10-20 14:00:00+05:30,172.0,172.5,171.75,172.4,22954
2025-10-20 14:15:00+05:30,172.4,172.75,171.65,171.7,34838
2025-10-20 14:30:00+05:30,171.7,171.9,171.6,171.7,18219
2025-10-20 14:45:00+05:30,171.7,172.1,171.6,171.8,34979
2025-10-20 15:00:00+05:30,171.8,172.0,171.55,172.0,27685
2025-10-20 15:15:00+05:30,171.8,172.55,171.7,171.9,93179
2025-10-21 13:30:00+05:30,171.85,171.85,171.85,171.85,70152
2025-10-21 13:45:00+05:30,172.35,173.25,172.15,172.55,78938
2025-10-21 14:00:00+05:30,172.55,172.95,172.5,172.8,50189
2025-10-21 14:15:00+05:30,172.75,173.25,172.55,172.7,68864
2025-10-21 14:30:00+05:30,172.75,172.85,172.5,172.65,55597
2025-10-21 14:45:00+05:30,172.65,172.8,172.65,172.8,223
2025-10-21 15:00:00+05:30,172.8,172.8,172.8,172.8,35
2025-10-23 09:15:00+05:30,173.75,175.7,173.65,175.2,326741
2025-10-23 09:30:00+05:30,175.25,176.0,175.15,175.65,205326
2025-10-23 09:45:00+05:30,175.7,175.75,175.1,175.25,74836
2025-10-23 10:00:00+05:30,175.2,175.5,175.0,175.1,72238
2025-10-23 10:15:00+05:30,175.1,175.8,175.1,175.45,105707
2025-10-23 10:30:00+05:30,175.45,175.7,175.0,175.2,56295
2025-10-23 10:45:00+05:30,175.05,175.2,174.65,174.7,376158
2025-10-23 11:00:00+05:30,174.7,175.0,174.3,174.55,168798
2025-10-23 11:15:00+05:30,174.5,174.8,174.3,174.5,251547
2025-10-23 11:30:00+05:30,174.3,174.5,173.85,174.0,751459
2025-10-23 11:45:00+05:30,174.1,174.6,174.0,174.35,115613
2025-10-23 12:00:00+05:30,174.2,174.6,174.0,174.35,548313
2025-10-23 12:15:00+05:30,174.2,174.8,174.2,174.5,38525
2025-10-23 12:30:00+05:30,174.6,174.9,174.45,174.6,70870
2025-10-23 12:45:00+05:30,174.6,174.85,174.45,174.8,86585
2025-10-23 13:00:00+05:30,174.85,174.95,174.55,174.7,16899
2025-10-23 13:15:00+05:30,174.7,174.95,174.65,174.75,21555
2025-10-23 13:30:00+05:30,174.8,174.95,174.3,174.7,389007
2025-10-23 13:45:00+05:30,174.6,174.8,174.3,174.55,35914
2025-10-23 14:00:00+05:30,174.55,174.55,174.2,174.3,20622
2025-10-23 14:15:00+05:30,174.45,174.8,174.25,174.8,22839
2025-10-23 14:30:00+05:30,174.65,175.0,174.5,175.0,61998
2025-10-23 14:45:00+05:30,174.95,175.0,174.7,174.7,52178
2025-10-23 15:00:00+05:30,174.7,174.8,173.8,173.8,384260
2025-10-23 15:15:00+05:30,173.8,174.35,173.8,174.1,168345
2025-10-24 09:15:00+05:30,174.5,175.5,174.5,175.4,61525
2025-10-24 09:30:00+05:30,175.4,175.8,175.3,175.65,166023
2025-10-24 09:45:00+05:30,175.65,176.4,175.5,175.8,79356
2025-10-24 10:00:00+05:30,175.85,177.3,175.75,176.65,108869
2025-10-24 10:15:00+05:30,176.5,176.65,175.85,176.0,31054
2025-10-24 10:30:00+05:30,176.0,176.2,175.7,175.8,17289
2025-10-24 10:45:00+05:30,175.8,175.95,175.3,175.4,33064
2025-10-24 11:00:00+05:30,175.45,175.45,174.8,174.8,31678
2025-10-24 11:15:00+05:30,174.85,175.0,174.7,174.85,15027
2025-10-24 11:30:00+05:30,174.85,175.3,174.75,175.25,20109
2025-10-24 11:45:00+05:30,175.25,175.3,174.9,175.0,11640
2025-10-24 12:00:00+05:30,175.0,175.25,174.9,175.0,5977
2025-10-24 12:15:00+05:30,175.0,175.25,175.0,175.0,7595
2025-10-24 12:30:00+05:30,175.05,175.2,175.0,175.2,12106
2025-10-24 12:45:00+05:30,175.2,175.2,174.65,174.75,23237
2025-10-24 13:00:00+05:30,174.85,174.9,174.6,174.85,7398
2025-10-24 13:15:00+05:30,174.95,174.95,174.4,174.4,12264
2025-10-24 13:30:00+05:30,174.4,174.5,173.8,173.8,273266
2025-10-24 13:45:00+05:30,173.8,174.15,173.7,174.15,348551
2025-10-24 14:00:00+05:30,174.25,174.7,173.9,174.6,166728
2025-10-24 14:15:00+05:30,174.6,174.9,174.45,174.8,113757
2025-10-24 14:30:00+05:30,174.85,174.9,174.15,174.35,20621
2025-10-24 14:45:00+05:30,174.3,174.4,174.0,174.0,6644
2025-10-24 15:00:00+05:30,174.0,174.45,174.0,174.35,108959
2025-10-24 15:15:00+05:30,174.35,174.65,174.3,174.5,103437
2025-10-27 09:15:00+05:30,175.9,177.4,175.9,176.85,220261
2025-10-27 09:30:00+05:30,176.8,176.95,176.4,176.75,62151
2025-10-27 09:45:00+05:30,176.75,177.85,176.65,177.65,214552
2025-10-27 10:00:00+05:30,177.5,177.8,177.0,177.05,85847
2025-10-27 10:15:00+05:30,177.05,177.2,176.8,176.9,51859
2025-10-27 10:30:00+05:30,176.85,177.2,176.05,176.35,533259
2025-10-27 10:45:00+05:30,176.3,176.65,176.2,176.55,29255
2025-10-27 11:00:00+05:30,176.65,176.65,176.2,176.45,43803
2025-10-27 11:15:00+05:30,176.6,176.6,176.0,176.4,109082
2025-10-27 11:30:00+05:30,176.5,176.8,176.4,176.5,72186
2025-10-27 11:45:00+05:30,176.6,176.9,176.45,176.8,17867
2025-10-27 12:00:00+05:30,176.8,177.7,176.8,177.3,141799
2025-10-27 12:15:00+05:30,177.3,177.6,176.95,177.1,51800
2025-10-27 12:30:00+05:30,177.15,177.2,176.75,176.9,19034
2025-10-27 12:45:00+05:30,176.8,176.95,176.75,176.85,22255
2025-10-27 13:00:00+05:30,176.8,176.95,176.7,176.8,37146
2025-10-27 13:15:00+05:30,176.8,176.8,176.35,176.35,26654
2025-10-27 13:30:00+05:30,176.45,176.55,176.25,176.5,14504
2025-10-27 13:45:00+05:30,176.4,176.8,176.3,176.6,54839
2025-10-27 14:00:00+05:30,176.65,176.8,176.55,176.7,25939
2025-10-27 14:15:00+05:30,176.7,176.9,176.55,176.7,41837
2025-10-27 14:30:00+05:30,176.6,177.05,176.6,176.8,56860
2025-10-27 14:45:00+05:30,176.8,177.0,176.5,176.65,29112
2025-10-27 15:00:00+05:30,176.7,176.85,176.6,176.7,29778
2025-10-27 15:15:00+05:30,176.6,176.75,176.5,176.6,79473
2025-10-28 09:15:00+05:30,177.0,178.45,177.0,178.15,203713
2025-10-28 09:30:00+05:30,178.25,179.2,178.0,178.9,127554
2025-10-28 09:45:00+05:30,178.9,180.6,178.85,180.4,352113
2025-10-28 10:00:00+05:30,180.35,180.65,179.85,180.05,207339
2025-10-28 10:15:00+05:30,180.05,180.75,179.8,180.55,129051
2025-10-28 10:30:00+05:30,180.6,180.6,180.0,180.4,67060
2025-10-28 10:45:00+05:30,180.4,180.75,180.1,180.55,68086
2025-10-28 11:00:00+05:30,180.55,181.0,180.3,180.5,102644
2025-10-28 11:15:00+05:30,180.5,181.0,180.35,180.55,63561
2025-10-28 11:30:00+05:30,180.55,180.8,180.4,180.5,30440
2025-10-28 11:45:00+05:30,180.5,180.65,180.35,180.5,27880
2025-10-28 12:00:00+05:30,180.6,181.0,180.4,180.9,534017
2025-10-28 12:15:00+05:30,180.9,181.25,180.6,181.1,125176
2025-10-28 12:30:00+05:30,181.1,181.75,180.65,181.7,98520
2025-10-28 12:45:00+05:30,181.75,181.9,181.4,181.7,58421
2025-10-28 13:00:00+05:30,181.7,182.0,181.3,181.4,1008506
2025-10-28 13:15:00+05:30,181.3,181.7,181.2,181.5,81042
2025-10-28 13:30:00+05:30,181.5,181.8,181.1,181.15,53061
2025-10-28 13:45:00+05:30,181.1,181.4,181.05,181.2,72546
2025-10-28 14:00:00+05:30,181.2,181.4,181.0,181.15,33327
2025-10-28 14:15:00+05:30,181.25,181.35,180.8,181.1,153951
2025-10-28 14:30:00+05:30,181.05,181.45,180.9,181.0,45234
2025-10-28 14:45:00+05:30,181.05,181.4,181.0,181.2,129837
2025-10-28 15:00:00+05:30,181.3,182.0,181.2,182.0,130817
2025-10-28 15:15:00+05:30,182.0,182.05,181.4,181.85,184258
2025-10-29 09:15:00+05:30,183.55,183.9,182.0,183.75,507097
2025-10-29 09:30:00+05:30,183.9,186.65,183.65,186.1,709085
2025-10-29 09:45:00+05:30,186.0,187.0,185.5,185.7,302936
2025-10-29 10:00:00+05:30,185.6,186.4,185.35,185.8,276432
2025-10-29 10:15:00+05:30,185.8,186.1,184.95,185.45,118360
2025-10-29 10:30:00+05:30,185.45,186.1,185.35,185.85,226163
2025-10-29 10:45:00+05:30,185.7,186.05,185.1,185.2,127159
2025-10-29 11:00:00+05:30,185.0,185.3,184.55,184.7,124051
2025-10-29 11:15:00+05:30,184.85,185.2,184.6,185.0,97951
2025-10-29 11:30:00+05:30,185.0,185.15,184.75,184.9,80912
2025-10-29 11:45:00+05:30,184.95,185.8,184.9,185.25,247107
2025-10-29 12:00:00+05:30,185.4,185.5,185.15,185.5,67882
2025-10-29 12:15:00+05:30,185.5,186.05,185.35,186.0,81998
2025-10-29 12:30:00+05:30,185.9,186.3,185.75,185.9,89522
2025-10-29 12:45:00+05:30,186.0,186.0,185.5,185.65,48009
2025-10-29 13:00:00+05:30,185.8,186.0,185.6,185.9,36835
2025-10-29 13:15:00+05:30,185.9,186.0,185.7,185.9,29034
2025-10-29 13:30:00+05:30,185.9,186.0,185.6,185.6,36588
2025-10-29 13:45:00+05:30,185.65,186.0,185.5,185.5,32724
2025-10-29 14:00:00+05:30,185.5,185.85,185.4,185.6,152680
2025-10-29 14:15:00+05:30,185.65,185.8,185.25,185.7,40821
2025-10-29 14:30:00+05:30,185.6,185.9,185.3,185.45,53927
2025-10-29 14:45:00+05:30,185.35,185.65,184.95,185.2,76873
2025-10-29 15:00:00+05:30,185.35,185.4,184.9,185.1,237147
2025-10-29 15:15:00+05:30,185.1,185.45,184.9,184.9,153089
2025-10-30 09:15:00+05:30,184.95,185.1,183.3,183.65,231875
2025-10-30 09:30:00+05:30,183.65,183.75,183.05,183.3,85595
2025-10-30 09:45:00+05:30,183.2,183.75,182.75,183.15,64773
2025-10-30 10:00:00+05:30,183.15,183.9,182.6,183.65,66846
2025-10-30 10:15:00+05:30,183.65,184.1,183.55,183.75,31916
2025-10-30 10:30:00+05:30,183.7,183.75,183.05,183.05,14929
2025-10-30 10:45:00+05:30,183.05,183.3,182.95,183.0,26467
2025-10-30 11:00:00+05:30,183.0,183.5,182.85,183.5,77633
2025-10-30 11:15:00+05:30,183.45,183.9,183.4,183.8,27545
2025-10-30 11:30:00+05:30,183.8,183.8,183.25,183.3,6483
2025-10-30 11:45:00+05:30,183.2,183.5,182.6,182.75,48291
2025-10-30 12:00:00+05:30,182.75,183.1,182.75,183.05,9222
2025-10-30 12:15:00+05:30,183.05,183.9,182.9,183.45,14900
2025-10-30 12:30:00+05:30,183.45,183.55,183.2,183.35,7664
2025-10-30 12:45:00+05:30,183.4,183.75,183.3,183.4,5529
2025-10-30 13:00:00+05:30,183.55,183.6,183.1,183.25,3572
2025-10-30 13:15:00+05:30,183.35,183.45,182.9,182.9,13017
2025-10-30 13:30:00+05:30,182.9,183.05,182.65,183.0,26030
2025-10-30 13:45:00+05:30,183.0,183.35,182.85,183.35,10756
2025-10-30 14:00:00+05:30,183.2,183.45,183.0,183.2,15891
2025-10-30 14:15:00+05:30,183.1,183.7,183.1,183.45,9877
2025-10-30 14:30:00+05:30,183.5,184.45,183.35,184.3,55530
2025-10-30 14:45:00+05:30,184.4,184.45,183.5,183.9,11992
2025-10-30 15:00:00+05:30,183.85,184.5,183.85,184.35,132386
2025-10-30 15:15:00+05:30,184.3,184.75,184.25,184.5,189276
2025-10-31 09:15:00+05:30,184.0,184.2,182.65,183.2,70929
2025-10-31 09:30:00+05:30,183.3,184.25,183.2,184.05,96000
2025-10-31 09:45:00+05:30,184.15,184.25,183.55,183.65,45289
2025-10-31 10:00:00+05:30,183.7,183.75,183.15,183.3,34819
2025-10-31 10:15:00+05:30,183.3,183.3,182.9,183.15,17613
2025-10-31 10:30:00+05:30,183.05,183.15,182.2,182.5,86799
2025-10-31 10:45:00+05:30,182.5,182.9,182.5,182.8,12666
2025-10-31 11:00:00+05:30,182.8,182.8,182.25,182.35,14024
2025-10-31 11:15:00+05:30,182.35,182.6,182.2,182.5,6075
2025-10-31 11:30:00+05:30,182.5,183.1,182.45,182.95,9788
2025-10-31 11:45:00+05:30,183.1,183.25,182.9,183.0,20610
2025-10-31 12:00:00+05:30,183.15,183.3,182.9,183.0,19479
2025-10-31 12:15:00+05:30,183.0,183.5,183.0,183.3,9251
2025-10-31 12:30:00+05:30,183.3,183.35,182.8,183.1,19892
2025-10-31 12:45:00+05:30,183.1,183.3,182.9,183.25,12015
2025-10-31 13:00:00+05:30,183.25,183.4,182.85,183.0,10542
2025-10-31 13:15:00+05:30,183.0,183.1,182.8,183.0,4828
2025-10-31 13:30:00+05:30,182.95,183.1,182.9,183.0,4823
2025-10-31 13:45:00+05:30,183.0,183.1,182.85,183.0,4616
2025-10-31 14:00:00+05:30,183.0,183.2,182.9,183.05,6746
2025-10-31 14:15:00+05:30,183.15,183.15,182.95,183.0,5727
2025-10-31 14:30:00+05:30,183.0,183.35,182.7,183.15,14940
2025-10-31 14:45:00+05:30,183.0,183.1,182.7,182.95,7084
2025-10-31 15:00:00+05:30,182.85,183.0,182.6,182.75,44050
2025-10-31 15:15:00+05:30,182.85,183.2,182.7,182.95,61169
2025-11-03 09:15:00+05:30,182.5,183.15,181.8,183.0,82546
2025-11-03 09:30:00+05:30,183.1,183.3,181.95,182.95,71617
2025-11-03 09:45:00+05:30,182.95,183.1,182.25,182.5,43942
2025-11-03 10:00:00+05:30,182.4,182.85,181.85,182.2,42968
2025-11-03 10:15:00+05:30,182.25,182.3,182.0,182.3,32494
2025-11-03 10:30:00+05:30,182.25,182.8,181.9,182.4,120869
2025-11-03 10:45:00+05:30,182.35,182.8,182.15,182.15,23544
2025-11-03 11:00:00+05:30,182.35,184.1,182.1,183.4,174362
2025-11-03 11:15:00+05:30,183.4,183.7,183.1,183.3,19145
2025-11-03 11:30:00+05:30,183.4,183.4,182.75,182.75,40994
2025-11-03 11:45:00+05:30,182.75,183.15,182.3,182.4,164288
2025-11-03 12:00:00+05:30,182.5,182.9,182.25,182.75,46974
2025-11-03 12:15:00+05:30,182.65,183.2,182.6,183.2,23525
2025-11-03 12:30:00+05:30,183.05,183.45,182.95,183.15,101866
2025-11-03 12:45:00+05:30,183.15,183.2,182.75,182.95,93220
2025-11-03 13:00:00+05:30,183.1,183.9,182.95,183.75,124966
2025-11-03 13:15:00+05:30,183.6,183.8,183.25,183.45,20833
2025-11-03 13:30:00+05:30,183.45,183.7,183.3,183.5,28096
2025-11-03 13:45:00+05:30,183.4,183.6,183.15,183.4,20966
2025-11-03 14:00:00+05:30,183.4,183.6,183.05,183.3,21992
2025-11-03 14:15:00+05:30,183.3,183.4,183.05,183.05,11403
2025-11-03 14:30:00+05:30,183.05,183.25,182.9,183.1,50307
2025-11-03 14:45:00+05:30,183.05,183.1,182.5,182.9,28441
2025-11-03 15:00:00+05:30,182.75,182.85,182.45,182.65,37065
2025-11-03 15:15:00+05:30,182.6,182.85,182.5,182.65,30325
2025-11-04 09:15:00+05:30,183.0,183.1,182.0,182.15,74607
2025-11-04 09:30:00+05:30,182.2,182.5,181.5,182.5,55332
2025-11-04 09:45:00+05:30,182.5,182.7,181.8,181.8,53127
2025-11-04 10:00:00+05:30,181.9,181.95,181.6,181.6,32671
2025-11-04 10:15:00+05:30,181.55,181.75,181.3,181.75,19845
2025-11-04 10:30:00+05:30,181.65,181.75,181.15,181.45,15196
2025-11-04 10:45:00+05:30,181.55,181.6,181.4,181.55,152872
2025-11-04 11:00:00+05:30,181.55,181.8,180.95,181.1,20012
2025-11-04 11:15:00+05:30,181.05,181.1,180.6,180.8,10351
2025-11-04 11:30:00+05:30,180.9,181.05,180.4,180.5,21327
2025-11-04 11:45:00+05:30,180.55,180.7,180.25,180.45,7112
2025-11-04 12:00:00+05:30,180.45,180.55,180.0,180.05,28386
2025-11-04 12:15:00+05:30,179.95,180.2,179.6,179.6,19356
2025-11-04 12:30:00+05:30,179.6,179.75,179.55,179.65,14759
2025-11-04 12:45:00+05:30,179.75,180.1,179.65,179.95,33208
2025-11-04 13:00:00+05:30,179.9,179.95,179.6,179.9,6581
2025-11-04 13:15:00+05:30,179.9,179.9,179.7,179.75,4112
2025-11-04 13:30:00+05:30,179.8,179.95,179.6,179.9,17240
2025-11-04 13:45:00+05:30,179.85,179.85,179.5,179.75,10563
2025-11-04 14:00:00+05:30,179.6,179.75,179.15,179.25,20995
2025-11-04 14:15:00+05:30,179.3,179.35,178.9,179.15,19910
2025-11-04 14:30:00+05:30,179.2,179.5,179.0,179.2,25572
2025-11-04 14:45:00+05:30,179.15,179.25,179.0,179.1,22354
2025-11-04 15:00:00+05:30,179.2,179.5,179.05,179.25,41770
2025-11-04 15:15:00+05:30,179.25,179.45,179.05,179.25,25090
2025-11-06 09:15:00+05:30,179.3,180.45,179.0,180.25,72105
2025-11-06 09:30:00+05:30,180.2,180.7,179.5,179.7,45437
2025-11-06 09:45:00+05:30,179.6,179.9,179.0,179.25,28460
2025-11-06 10:00:00+05:30,179.2,179.5,177.95,178.1,43588
2025-11-06 10:15:00+05:30,178.0,178.25,177.6,177.75,21574
2025-11-06 10:30:00+05:30,177.65,177.9,177.5,177.65,55412
2025-11-06 10:45:00+05:30,177.5,177.9,177.35,177.6,19159
2025-11-06 11:00:00+05:30,177.6,177.9,177.55,177.7,11226
2025-11-06 11:15:00+05:30,177.85,177.85,177.3,177.45,15769
2025-11-06 11:30:00+05:30,177.3,177.4,177.0,177.2,17087
2025-11-06 11:45:00+05:30,177.2,177.75,177.2,177.55,7071
2025-11-06 12:00:00+05:30,177.65,177.75,176.55,176.65,40810
2025-11-06 12:15:00+05:30,176.75,177.15,176.6,177.05,19139
2025-11-06 12:30:00+05:30,177.05,177.1,176.5,176.7,15266
2025-11-06 12:45:00+05:30,176.85,177.9,176.7,177.9,33241
2025-11-06 13:00:00+05:30,177.85,177.9,177.4,177.55,14838
2025-11-06 13:15:00+05:30,177.55,177.75,177.35,177.35,10687
2025-11-06 13:30:00+05:30,177.45,177.5,177.0,177.0,11714
2025-11-06 13:45:00+05:30,177.0,177.15,176.7,176.9,13111
2025-11-06 14:00:00+05:30,177.0,177.05,176.6,176.9,11656
2025-11-06 14:15:00+05:30,176.9,176.95,176.65,176.9,10639
2025-11-06 14:30:00+05:30,177.0,177.9,176.8,177.7,24389
2025-11-06 14:45:00+05:30,177.6,177.9,177.35,177.8,30318
2025-11-06 15:00:00+05:30,177.75,177.9,177.0,177.2,164496
2025-11-06 15:15:00+05:30,177.25,177.5,177.1,177.25,169122
2025-11-07 09:15:00+05:30,176.9,177.0,175.05,175.85,50501
2025-11-07 09:30:00+05:30,175.85,176.2,175.5,176.05,32911
2025-11-07 09:45:00+05:30,176.2,176.3,175.3,175.65,30558
2025-11-07 10:00:00+05:30,175.65,176.25,175.5,175.5,16353
2025-11-07 10:15:00+05:30,175.75,176.0,175.55,176.0,14658
2025-11-07 10:30:00+05:30,176.0,176.95,176.0,176.9,14996
2025-11-07 10:45:00+05:30,176.95,177.05,176.8,176.85,11659
2025-11-07 11:00:00+05:30,177.0,177.75,176.85,177.6,20538
2025-11-07 11:15:00+05:30,177.6,178.0,177.45,178.0,31682
2025-11-07 11:30:00+05:30,178.0,178.65,178.0,178.55,75076
2025-11-07 11:45:00+05:30,178.65,178.75,178.2,178.2,57923
2025-11-07 12:00:00+05:30,178.25,178.65,178.0,178.3,25249
2025-11-07 12:15:00+05:30,178.35,178.55,178.05,178.1,11513
2025-11-07 12:30:00+05:30,178.25,178.35,178.05,178.3,2763
2025-11-07 12:45:00+05:30,178.1,179.2,177.85,179.2,41296
2025-11-07 13:00:00+05:30,179.15,180.6,179.15,180.45,75615
2025-11-07 13:15:00+05:30,180.45,181.3,180.45,180.8,111920
2025-11-07 13:30:00+05:30,180.9,181.3,180.75,181.2,20895
2025-11-07 13:45:00+05:30,181.45,181.5,180.5,180.5,21683
2025-11-07 14:00:00+05:30,180.6,180.9,180.3,180.5,55197
2025-11-07 14:15:00+05:30,180.5,181.65,180.4,181.65,59065
2025-11-07 14:30:00+05:30,181.65,182.2,181.5,182.0,36522
2025-11-07 14:45:00+05:30,181.85,181.95,181.2,181.3,13203
2025-11-07 15:00:00+05:30,181.4,181.6,180.95,181.55,31105
2025-11-07 15:15:00+05:30,181.4,181.75,181.05,181.45,89309
